{
	"credit": "Made with Blockbench",
	"parent": "minecraft:item/handheld",
	"textures": {
		"layer0": "parents:dagger_test"
	},
	"display": {
		"thirdperson_righthand": {
			"rotation": [0, 90, 45],
			"translation": [0, 4.25, 1.75]
		},
		"thirdperson_lefthand": {
			"rotation": [0, 90, -45],
			"translation": [0, 4.25, 1.75]
		},
		"firstperson_righthand": {
			"rotation": [7.31, 73.3, 59],
			"translation": [2.75, 2, -0.75]
		},
		"firstperson_lefthand": {
			"rotation": [7.31, 73.3, -31],
			"translation": [2.75, 2, -0.75]
		}
	}
}