{
	"credit": "Made with Blockbench",
	"parent": "minecraft:item/handheld",
	"textures": {
		"layer0": "parents:spear_test"
	},
	"display": {
		"thirdperson_righthand": {
			"rotation": [-45, -90, 0],
			"translation": [0, -1.5, 1.5],
			"scale": [2, 2, 1]
		},
		"thirdperson_lefthand": {
			"rotation": [-45, 90, 0],
			"translation": [0, -1.5, 1.5],
			"scale": [2, 2, 1]
		},
		"firstperson_righthand": {
			"rotation": [0, -109, 45],
			"translation": [1.13, 1.5, 1.13],
			"scale": [1.36, 1.36, 0.68]
		},
		"firstperson_lefthand": {
			"rotation": [0, -109, -45],
			"translation": [1.13, 1.5, 1.13],
			"scale": [1.36, 1.36, 0.68]
		}
	}
}