{
    "parent": "item/handheld",
    "textures": {
        "layer0": "item/bone"
    },
    "display": {
        "head": {
            "rotation": [
                0,
                0,
                -45
            ],
            "translation": [
                0,
                -4.5,
                -6.5
            ],
            "scale": [
                1,
                1,
                1
            ]
        }
    },
    "overrides": [
        {
            "predicate": {
                "custom_model_data": 20000
            },
            "model": "shadow_night:item/mob/dungeons/overgrown/spider/head"
        },
        {
            "predicate": {
                "custom_model_data": 20001
            },
            "model": "shadow_night:item/mob/dungeons/overgrown/spider/leg_fl0"
        },
        {
            "predicate": {
                "custom_model_data": 20002
            },
            "model": "shadow_night:item/mob/dungeons/overgrown/spider/leg_fl1"
        },
        {
            "predicate": {
                "custom_model_data": 20003
            },
            "model": "shadow_night:item/mob/dungeons/overgrown/spider/leg_fl2"
        },
        {
            "predicate": {
                "custom_model_data": 20004
            },
            "model": "shadow_night:item/mob/debug_mob/main"
        }
    ],
    "credit": "Generated by UwU_Snek's silly little Python script"
}