{
    "parent": "item/handheld",
    "textures": {
        "layer0": "item/bone"
    },
    "display": {
        "head": {
            "rotation": [
                0,
                0,
                -45
            ],
            "translation": [
                0,
                -4.5,
                -6.5
            ],
            "scale": [
                1,
                1,
                1
            ]
        }
    },
    "overrides": [
        {
            "predicate": {
                "custom_model_data": 20000
            },
            "model": "shadow_night:item/mob/debug_mob_part"
        }
    ],
    "credit": "Generated by UwU_Snek's silly little Python script"
}