{
    "credit": "Generated by UwU_Snek's silly little Python script",
    "gui_light": "side",
    "textures": {
        "0": "shadow_night:item/mob/overgrown_spider/head",
        "1": "shadow_night:item/mob/overgrown_spider/leg",
        "2": "shadow_night:item/mob/overgrown_spider/armor",
        "particle": "shadow_night:item/mob/overgrown_spider/head"
    },
    "elements": [
        {
            "name": "pad",
            "from": [
                9,
                6.5,
                11
            ],
            "to": [
                7,
                11.5,
                5
            ],
            "rotation": {
                "angle": 0,
                "axis": "y",
                "origin": [
                    8,
                    8.0,
                    8
                ]
            },
            "faces": {
                "north": {
                    "uv": [
                        0,
                        0.8125,
                        0.125,
                        1.125
                    ],
                    "texture": "#0"
                },
                "south": {
                    "uv": [
                        0.125,
                        0.8125,
                        0.25,
                        1.125
                    ],
                    "texture": "#0"
                },
                "up": {
                    "uv": [
                        0.5,
                        1.125,
                        0.375,
                        0.75
                    ],
                    "texture": "#0"
                },
                "down": {
                    "uv": [
                        0.625,
                        0.75,
                        0.5,
                        1.125
                    ],
                    "texture": "#0"
                }
            }
        },
        {
            "name": "pad",
            "from": [
                9.5,
                5.5,
                9.5
            ],
            "to": [
                6.5,
                6.5,
                6.5
            ],
            "rotation": {
                "angle": 0,
                "axis": "y",
                "origin": [
                    8,
                    8.0,
                    8
                ]
            },
            "faces": {
                "north": {
                    "uv": [
                        0.625,
                        0.125,
                        0.8125,
                        0.1875
                    ],
                    "texture": "#0"
                },
                "east": {
                    "uv": [
                        1.1875,
                        1,
                        1.375,
                        1.0625
                    ],
                    "texture": "#0"
                },
                "south": {
                    "uv": [
                        1.1875,
                        1.0625,
                        1.375,
                        1.125
                    ],
                    "texture": "#0"
                },
                "west": {
                    "uv": [
                        1.25,
                        0.5,
                        1.4375,
                        0.5625
                    ],
                    "texture": "#0"
                }
            }
        },
        {
            "name": "pad",
            "from": [
                11,
                4.5,
                12
            ],
            "to": [
                5,
                5.5,
                4
            ],
            "rotation": {
                "angle": 0,
                "axis": "y",
                "origin": [
                    8,
                    8.0,
                    8
                ]
            },
            "faces": {
                "north": {
                    "uv": [
                        1.1875,
                        0.875,
                        1.5625,
                        0.9375
                    ],
                    "texture": "#0"
                },
                "east": {
                    "uv": [
                        1.1875,
                        0.75,
                        1.6875,
                        0.8125
                    ],
                    "texture": "#0"
                },
                "south": {
                    "uv": [
                        1.1875,
                        0.9375,
                        1.5625,
                        1
                    ],
                    "texture": "#0"
                },
                "west": {
                    "uv": [
                        1.1875,
                        0.8125,
                        1.6875,
                        0.875
                    ],
                    "texture": "#0"
                },
                "up": {
                    "uv": [
                        1.25,
                        1.6875,
                        0.875,
                        1.1875
                    ],
                    "texture": "#0"
                },
                "down": {
                    "uv": [
                        1.625,
                        0,
                        1.25,
                        0.5
                    ],
                    "texture": "#0"
                }
            }
        },
        {
            "name": "pad",
            "from": [
                11,
                6.5,
                9
            ],
            "to": [
                9,
                11.5,
                7
            ],
            "rotation": {
                "angle": 0,
                "axis": "y",
                "origin": [
                    8,
                    8.0,
                    8
                ]
            },
            "faces": {
                "west": {
                    "uv": [
                        0.25,
                        0.8125,
                        0.375,
                        1.125
                    ],
                    "texture": "#0"
                },
                "up": {
                    "uv": [
                        0.875,
                        0.125,
                        0.75,
                        0
                    ],
                    "texture": "#0"
                },
                "down": {
                    "uv": [
                        0.875,
                        0.4375,
                        0.75,
                        0.5625
                    ],
                    "texture": "#0"
                }
            }
        },
        {
            "name": "pad",
            "from": [
                7,
                6.5,
                9
            ],
            "to": [
                5,
                11.5,
                7
            ],
            "rotation": {
                "angle": 0,
                "axis": "y",
                "origin": [
                    8,
                    8.0,
                    8
                ]
            },
            "faces": {
                "east": {
                    "uv": [
                        0.875,
                        0,
                        1,
                        0.3125
                    ],
                    "texture": "#0"
                },
                "up": {
                    "uv": [
                        0.625,
                        1.25,
                        0.5,
                        1.125
                    ],
                    "texture": "#0"
                },
                "down": {
                    "uv": [
                        0.875,
                        1.1875,
                        0.75,
                        1.3125
                    ],
                    "texture": "#0"
                }
            }
        },
        {
            "name": "pad",
            "from": [
                8,
                6.5009999999999994,
                9.99998
            ],
            "to": [
                6,
                11.498999999999999,
                5.999980000000001
            ],
            "rotation": {
                "angle": 45,
                "axis": "y",
                "origin": [
                    7,
                    9.001000000000001,
                    6.999980000000001
                ],
                "rescale": true
            },
            "faces": {
                "north": {
                    "uv": [
                        0.875,
                        0.3125,
                        1,
                        0.625
                    ],
                    "texture": "#0"
                },
                "south": {
                    "uv": [
                        1,
                        0,
                        1.125,
                        0.3125
                    ],
                    "texture": "#0"
                },
                "up": {
                    "uv": [
                        1.25,
                        0.5625,
                        1.125,
                        0.3125
                    ],
                    "texture": "#0"
                },
                "down": {
                    "uv": [
                        0.75,
                        1.125,
                        0.625,
                        1.375
                    ],
                    "texture": "#0"
                }
            }
        },
        {
            "name": "pad",
            "from": [
                10.00002,
                6.5009999999999994,
                9.99996
            ],
            "to": [
                6.000019999999999,
                11.498999999999999,
                7.99996
            ],
            "rotation": {
                "angle": 45,
                "axis": "y",
                "origin": [
                    7.000019999999999,
                    9.001000000000001,
                    8.99996
                ],
                "rescale": true
            },
            "faces": {
                "east": {
                    "uv": [
                        1,
                        0.3125,
                        1.125,
                        0.625
                    ],
                    "texture": "#0"
                },
                "west": {
                    "uv": [
                        1.125,
                        0,
                        1.25,
                        0.3125
                    ],
                    "texture": "#0"
                },
                "up": {
                    "uv": [
                        0.25,
                        1.25,
                        0,
                        1.125
                    ],
                    "texture": "#0"
                },
                "down": {
                    "uv": [
                        0.5,
                        1.125,
                        0.25,
                        1.25
                    ],
                    "texture": "#0"
                }
            }
        }
    ]
}