{
    "credit": "Generated by UwU_Snek's silly little Python script",
    "gui_light": "side",
    "textures": {
        "0": "shadow_night:item/mob/overgrown_spider/head",
        "1": "shadow_night:item/mob/overgrown_spider/leg",
        "2": "shadow_night:item/mob/overgrown_spider/armor",
        "particle": "shadow_night:item/mob/overgrown_spider/head"
    },
    "elements": [
        {
            "name": "pad",
            "from": [
                4,
                6.5,
                4
            ],
            "to": [
                12,
                9.5,
                12
            ],
            "rotation": {
                "angle": 0,
                "axis": "y",
                "origin": [
                    8,
                    8.0,
                    8
                ]
            },
            "faces": {
                "north": {
                    "uv": [
                        2.5,
                        1.5,
                        3.5,
                        1.875
                    ],
                    "texture": "#0"
                },
                "east": {
                    "uv": [
                        0.75,
                        3.25,
                        1.75,
                        3.625
                    ],
                    "texture": "#0"
                },
                "south": {
                    "uv": [
                        2.5,
                        3.25,
                        3.5,
                        3.625
                    ],
                    "texture": "#0"
                },
                "west": {
                    "uv": [
                        3.25,
                        2.875,
                        4.25,
                        3.25
                    ],
                    "texture": "#0"
                },
                "down": {
                    "uv": [
                        4.25,
                        0.5,
                        3.25,
                        1.5
                    ],
                    "texture": "#0"
                }
            }
        }
    ]
}