{
    "credit": "Generated by UwU_Snek's silly little Python script",
    "textures": {
        "0": "shadow_night:item/mob/overgrown_spider/head",
        "1": "shadow_night:item/mob/overgrown_spider/leg",
        "2": "shadow_night:item/mob/overgrown_spider/armor",
        "particle": "shadow_night:item/mob/overgrown_spider/head"
    },
    "elements": [
        {
            "name": "pad",
            "from": [
                4,
                6.5,
                4
            ],
            "to": [
                12,
                9.5,
                12
            ],
            "rotation": {
                "angle": 0,
                "axis": "y",
                "origin": [
                    8,
                    8.0,
                    8
                ]
            },
            "faces": {
                "north": {
                    "uv": [
                        10.5,
                        2,
                        11.5,
                        2.375
                    ],
                    "texture": "#0"
                },
                "east": {
                    "uv": [
                        9.5,
                        2,
                        10.5,
                        2.375
                    ],
                    "texture": "#0"
                },
                "south": {
                    "uv": [
                        12.5,
                        2,
                        13.5,
                        2.375
                    ],
                    "texture": "#0"
                },
                "west": {
                    "uv": [
                        11.5,
                        2,
                        12.5,
                        2.375
                    ],
                    "texture": "#0"
                },
                "up": {
                    "uv": [
                        11.5,
                        2,
                        10.5,
                        1
                    ],
                    "texture": "#0"
                },
                "down": {
                    "uv": [
                        12.5,
                        1,
                        11.5,
                        2
                    ],
                    "texture": "#0"
                }
            }
        }
    ]
}