{
    "credit": "Generated by UwU_Snek's silly little Python script",
    "textures": {
        "0": "shadow_night:item/mob/overgrown_spider/head",
        "1": "shadow_night:item/mob/overgrown_spider/leg",
        "2": "shadow_night:item/mob/overgrown_spider/armor",
        "particle": "shadow_night:item/mob/overgrown_spider/head"
    },
    "elements": [
        {
            "name": "head",
            "from": [
                3,
                8,
                -2
            ],
            "to": [
                13,
                18,
                18
            ],
            "rotation": {
                "angle": 0,
                "axis": "y",
                "origin": [
                    8,
                    19,
                    8
                ]
            },
            "faces": {
                "north": {
                    "uv": [
                        2.5,
                        4.5,
                        3.75,
                        5.75
                    ],
                    "texture": "#0"
                },
                "east": {
                    "uv": [
                        0,
                        0,
                        2.5,
                        1.25
                    ],
                    "texture": "#0"
                },
                "south": {
                    "uv": [
                        3.75,
                        4.5,
                        5,
                        5.75
                    ],
                    "texture": "#0"
                },
                "west": {
                    "uv": [
                        0,
                        1.25,
                        2.5,
                        2.5
                    ],
                    "texture": "#0"
                },
                "up": {
                    "uv": [
                        1.25,
                        7,
                        0,
                        4.5
                    ],
                    "texture": "#0"
                },
                "down": {
                    "uv": [
                        2.5,
                        4.5,
                        1.25,
                        7
                    ],
                    "texture": "#0"
                }
            }
        },
        {
            "name": "head",
            "from": [
                4,
                18,
                -2
            ],
            "to": [
                5,
                19,
                17
            ],
            "rotation": {
                "angle": 0,
                "axis": "y",
                "origin": [
                    3,
                    17.5,
                    8
                ]
            },
            "faces": {
                "north": {
                    "uv": [
                        1.75,
                        2.875,
                        1.875,
                        3
                    ],
                    "texture": "#0"
                },
                "east": {
                    "uv": [
                        0,
                        2.625,
                        2.375,
                        2.75
                    ],
                    "texture": "#0"
                },
                "south": {
                    "uv": [
                        1.875,
                        2.875,
                        2,
                        3
                    ],
                    "texture": "#0"
                },
                "west": {
                    "uv": [
                        0,
                        2.75,
                        2.375,
                        2.875
                    ],
                    "texture": "#0"
                },
                "up": {
                    "uv": [
                        2.875,
                        2.5,
                        2.75,
                        0.125
                    ],
                    "texture": "#0"
                },
                "down": {
                    "uv": [
                        3,
                        0.125,
                        2.875,
                        2.5
                    ],
                    "texture": "#0"
                }
            }
        },
        {
            "name": "head",
            "from": [
                11,
                18,
                -2
            ],
            "to": [
                12,
                19,
                17
            ],
            "rotation": {
                "angle": 0,
                "axis": "y",
                "origin": [
                    10,
                    17.5,
                    8
                ]
            },
            "faces": {
                "north": {
                    "uv": [
                        1.5,
                        2.875,
                        1.625,
                        3
                    ],
                    "texture": "#0"
                },
                "east": {
                    "uv": [
                        0,
                        2.5,
                        2.375,
                        2.625
                    ],
                    "texture": "#0"
                },
                "south": {
                    "uv": [
                        1.625,
                        2.875,
                        1.75,
                        3
                    ],
                    "texture": "#0"
                },
                "west": {
                    "uv": [
                        2.5,
                        0,
                        4.875,
                        0.125
                    ],
                    "texture": "#0"
                },
                "up": {
                    "uv": [
                        2.625,
                        2.5,
                        2.5,
                        0.125
                    ],
                    "texture": "#0"
                },
                "down": {
                    "uv": [
                        2.75,
                        0.125,
                        2.625,
                        2.5
                    ],
                    "texture": "#0"
                }
            }
        },
        {
            "from": [
                3,
                19,
                -4
            ],
            "to": [
                7,
                20,
                20
            ],
            "rotation": {
                "angle": 0,
                "axis": "y",
                "origin": [
                    8,
                    19,
                    8
                ]
            },
            "faces": {
                "north": {
                    "uv": [
                        0.375,
                        2,
                        1,
                        2.125
                    ],
                    "texture": "#2"
                },
                "east": {
                    "uv": [
                        0,
                        3,
                        3,
                        3.125
                    ],
                    "texture": "#2"
                },
                "south": {
                    "uv": [
                        0.375,
                        2.125,
                        1,
                        2.25
                    ],
                    "texture": "#2"
                },
                "west": {
                    "uv": [
                        0,
                        3.125,
                        3,
                        3.25
                    ],
                    "texture": "#2"
                },
                "up": {
                    "uv": [
                        3.875,
                        3,
                        3.25,
                        0
                    ],
                    "texture": "#2"
                },
                "down": {
                    "uv": [
                        3.875,
                        3,
                        3.25,
                        6
                    ],
                    "texture": "#2"
                }
            }
        },
        {
            "from": [
                9,
                19,
                -4
            ],
            "to": [
                13,
                20,
                20
            ],
            "rotation": {
                "angle": 0,
                "axis": "y",
                "origin": [
                    8,
                    19,
                    8
                ]
            },
            "faces": {
                "north": {
                    "uv": [
                        0.375,
                        2.75,
                        0.875,
                        2.875
                    ],
                    "texture": "#2"
                },
                "east": {
                    "uv": [
                        0,
                        3.625,
                        3,
                        3.75
                    ],
                    "texture": "#2"
                },
                "south": {
                    "uv": [
                        0.375,
                        2.875,
                        0.875,
                        3
                    ],
                    "texture": "#2"
                },
                "west": {
                    "uv": [
                        0,
                        3.75,
                        3,
                        3.875
                    ],
                    "texture": "#2"
                },
                "up": {
                    "uv": [
                        4.375,
                        5.875,
                        3.875,
                        2.875
                    ],
                    "texture": "#2"
                },
                "down": {
                    "uv": [
                        4.875,
                        2.875,
                        4.375,
                        5.875
                    ],
                    "texture": "#2"
                }
            }
        },
        {
            "from": [
                1,
                15,
                -4
            ],
            "to": [
                2,
                18,
                20
            ],
            "rotation": {
                "angle": 0,
                "axis": "y",
                "origin": [
                    2,
                    18,
                    8
                ]
            },
            "faces": {
                "north": {
                    "uv": [
                        4.75,
                        6.625,
                        4.875,
                        7
                    ],
                    "texture": "#2"
                },
                "east": {
                    "uv": [
                        3.875,
                        1.5,
                        6.875,
                        1.875
                    ],
                    "texture": "#2"
                },
                "south": {
                    "uv": [
                        2.25,
                        6.875,
                        2.375,
                        7.25
                    ],
                    "texture": "#2"
                },
                "west": {
                    "uv": [
                        4.875,
                        2.875,
                        7.875,
                        3.25
                    ],
                    "texture": "#2"
                },
                "up": {
                    "uv": [
                        3.125,
                        5.875,
                        3,
                        2.875
                    ],
                    "texture": "#2"
                },
                "down": {
                    "uv": [
                        4.375,
                        5.875,
                        4.25,
                        8.875
                    ],
                    "texture": "#2"
                }
            }
        },
        {
            "from": [
                14,
                15,
                -4
            ],
            "to": [
                15,
                18,
                20
            ],
            "rotation": {
                "angle": 0,
                "axis": "y",
                "origin": [
                    15,
                    18,
                    8
                ]
            },
            "faces": {
                "north": {
                    "uv": [
                        2.375,
                        6.875,
                        2.5,
                        7.25
                    ],
                    "texture": "#2"
                },
                "east": {
                    "uv": [
                        4.875,
                        3.25,
                        7.875,
                        3.625
                    ],
                    "texture": "#2"
                },
                "south": {
                    "uv": [
                        3.875,
                        6.875,
                        4,
                        7.25
                    ],
                    "texture": "#2"
                },
                "west": {
                    "uv": [
                        4.875,
                        4.125,
                        7.875,
                        4.5
                    ],
                    "texture": "#2"
                },
                "up": {
                    "uv": [
                        4.5,
                        8.875,
                        4.375,
                        5.875
                    ],
                    "texture": "#2"
                },
                "down": {
                    "uv": [
                        4.625,
                        5.875,
                        4.5,
                        8.875
                    ],
                    "texture": "#2"
                }
            }
        },
        {
            "from": [
                12.14444,
                18.15556,
                -4
            ],
            "to": [
                15.14444,
                19.15556,
                20
            ],
            "rotation": {
                "angle": -45,
                "axis": "z",
                "origin": [
                    13.64444,
                    18.65556,
                    8
                ]
            },
            "faces": {
                "north": {
                    "uv": [
                        6.625,
                        4,
                        7,
                        4.125
                    ],
                    "texture": "#2"
                },
                "east": {
                    "uv": [
                        3.875,
                        1.125,
                        6.875,
                        1.25
                    ],
                    "texture": "#2"
                },
                "south": {
                    "uv": [
                        1.75,
                        6.875,
                        2.125,
                        7
                    ],
                    "texture": "#2"
                },
                "west": {
                    "uv": [
                        3.875,
                        1.25,
                        6.875,
                        1.375
                    ],
                    "texture": "#2"
                },
                "up": {
                    "uv": [
                        0.375,
                        3,
                        0,
                        0
                    ],
                    "texture": "#2"
                },
                "down": {
                    "uv": [
                        5.25,
                        4.5,
                        4.875,
                        7.5
                    ],
                    "texture": "#2"
                }
            }
        },
        {
            "from": [
                0.85556,
                18.15556,
                -4
            ],
            "to": [
                3.85556,
                19.15556,
                20
            ],
            "rotation": {
                "angle": 45,
                "axis": "z",
                "origin": [
                    2.35556,
                    18.65556,
                    8
                ]
            },
            "faces": {
                "north": {
                    "uv": [
                        6.875,
                        4.5,
                        7.25,
                        4.625
                    ],
                    "texture": "#2"
                },
                "east": {
                    "uv": [
                        3.875,
                        2.25,
                        6.875,
                        2.375
                    ],
                    "texture": "#2"
                },
                "south": {
                    "uv": [
                        6.875,
                        4.625,
                        7.25,
                        4.75
                    ],
                    "texture": "#2"
                },
                "west": {
                    "uv": [
                        4.875,
                        3.625,
                        7.875,
                        3.75
                    ],
                    "texture": "#2"
                },
                "up": {
                    "uv": [
                        3,
                        8,
                        2.625,
                        5
                    ],
                    "texture": "#2"
                },
                "down": {
                    "uv": [
                        5.625,
                        4.5,
                        5.25,
                        7.5
                    ],
                    "texture": "#2"
                }
            }
        },
        {
            "from": [
                0.85556,
                6.8444400000000005,
                -3
            ],
            "to": [
                3.85556,
                7.8444400000000005,
                4
            ],
            "rotation": {
                "angle": -45,
                "axis": "z",
                "origin": [
                    2.35556,
                    7.3444400000000005,
                    8
                ]
            },
            "faces": {
                "north": {
                    "uv": [
                        0.375,
                        1.75,
                        0.75,
                        1.875
                    ],
                    "texture": "#2"
                },
                "east": {
                    "uv": [
                        0.875,
                        6.875,
                        1.75,
                        7
                    ],
                    "texture": "#2"
                },
                "south": {
                    "uv": [
                        0.375,
                        1.875,
                        0.75,
                        2
                    ],
                    "texture": "#2"
                },
                "west": {
                    "uv": [
                        6.875,
                        1.125,
                        7.75,
                        1.25
                    ],
                    "texture": "#2"
                },
                "up": {
                    "uv": [
                        0.75,
                        0.875,
                        0.375,
                        0
                    ],
                    "texture": "#2"
                },
                "down": {
                    "uv": [
                        0.75,
                        0.875,
                        0.375,
                        1.75
                    ],
                    "texture": "#2"
                }
            }
        },
        {
            "from": [
                12.14444,
                6.8444400000000005,
                -3
            ],
            "to": [
                15.14444,
                7.8444400000000005,
                4
            ],
            "rotation": {
                "angle": 45,
                "axis": "z",
                "origin": [
                    13.64444,
                    7.3444400000000005,
                    8
                ]
            },
            "faces": {
                "north": {
                    "uv": [
                        2.5,
                        2.875,
                        2.875,
                        3
                    ],
                    "texture": "#2"
                },
                "east": {
                    "uv": [
                        6.875,
                        1.25,
                        7.75,
                        1.375
                    ],
                    "texture": "#2"
                },
                "south": {
                    "uv": [
                        5.125,
                        0.875,
                        5.5,
                        1
                    ],
                    "texture": "#2"
                },
                "west": {
                    "uv": [
                        6.875,
                        1.875,
                        7.75,
                        2
                    ],
                    "texture": "#2"
                },
                "up": {
                    "uv": [
                        2.875,
                        0.875,
                        2.5,
                        0
                    ],
                    "texture": "#2"
                },
                "down": {
                    "uv": [
                        2.875,
                        0.875,
                        2.5,
                        1.75
                    ],
                    "texture": "#2"
                }
            }
        },
        {
            "from": [
                1,
                8,
                -3
            ],
            "to": [
                2,
                11,
                4
            ],
            "rotation": {
                "angle": 0,
                "axis": "y",
                "origin": [
                    2,
                    11,
                    8
                ]
            },
            "faces": {
                "north": {
                    "uv": [
                        0.875,
                        2.625,
                        1,
                        3
                    ],
                    "texture": "#2"
                },
                "east": {
                    "uv": [
                        4.875,
                        3.75,
                        5.75,
                        4.125
                    ],
                    "texture": "#2"
                },
                "south": {
                    "uv": [
                        2.5,
                        5.875,
                        2.625,
                        6.25
                    ],
                    "texture": "#2"
                },
                "west": {
                    "uv": [
                        5.75,
                        3.75,
                        6.625,
                        4.125
                    ],
                    "texture": "#2"
                },
                "up": {
                    "uv": [
                        3,
                        2.625,
                        2.875,
                        1.75
                    ],
                    "texture": "#2"
                },
                "down": {
                    "uv": [
                        3.125,
                        1.75,
                        3,
                        2.625
                    ],
                    "texture": "#2"
                }
            }
        },
        {
            "from": [
                14,
                8,
                -3
            ],
            "to": [
                15,
                11,
                4
            ],
            "rotation": {
                "angle": 0,
                "axis": "y",
                "origin": [
                    15,
                    11,
                    8
                ]
            },
            "faces": {
                "north": {
                    "uv": [
                        4.625,
                        5.875,
                        4.75,
                        6.25
                    ],
                    "texture": "#2"
                },
                "east": {
                    "uv": [
                        5.625,
                        6.25,
                        6.5,
                        6.625
                    ],
                    "texture": "#2"
                },
                "south": {
                    "uv": [
                        4.75,
                        5.875,
                        4.875,
                        6.25
                    ],
                    "texture": "#2"
                },
                "west": {
                    "uv": [
                        6.5,
                        6.25,
                        7.375,
                        6.625
                    ],
                    "texture": "#2"
                },
                "up": {
                    "uv": [
                        3,
                        4.75,
                        2.875,
                        3.875
                    ],
                    "texture": "#2"
                },
                "down": {
                    "uv": [
                        3.25,
                        4.875,
                        3.125,
                        5.75
                    ],
                    "texture": "#2"
                }
            }
        },
        {
            "from": [
                3,
                6,
                -3
            ],
            "to": [
                13,
                7,
                4
            ],
            "rotation": {
                "angle": 0,
                "axis": "y",
                "origin": [
                    8,
                    6.5,
                    8
                ]
            },
            "faces": {
                "north": {
                    "uv": [
                        3.875,
                        0.875,
                        5.125,
                        1
                    ],
                    "texture": "#2"
                },
                "east": {
                    "uv": [
                        6.875,
                        2,
                        7.75,
                        2.125
                    ],
                    "texture": "#2"
                },
                "south": {
                    "uv": [
                        3.875,
                        1,
                        5.125,
                        1.125
                    ],
                    "texture": "#2"
                },
                "west": {
                    "uv": [
                        6.875,
                        2.125,
                        7.75,
                        2.25
                    ],
                    "texture": "#2"
                },
                "up": {
                    "uv": [
                        5.125,
                        0.875,
                        3.875,
                        0
                    ],
                    "texture": "#2"
                },
                "down": {
                    "uv": [
                        6.875,
                        4.5,
                        5.625,
                        5.375
                    ],
                    "texture": "#2"
                }
            }
        },
        {
            "from": [
                7,
                7,
                -1
            ],
            "to": [
                9,
                8,
                3
            ],
            "rotation": {
                "angle": 0,
                "axis": "y",
                "origin": [
                    8,
                    7.5,
                    8
                ]
            },
            "faces": {
                "north": {
                    "uv": [
                        1,
                        2.875,
                        1.25,
                        3
                    ],
                    "texture": "#0"
                },
                "east": {
                    "uv": [
                        0,
                        2.875,
                        0.5,
                        3
                    ],
                    "texture": "#0"
                },
                "south": {
                    "uv": [
                        1.25,
                        2.875,
                        1.5,
                        3
                    ],
                    "texture": "#0"
                },
                "west": {
                    "uv": [
                        0.5,
                        2.875,
                        1,
                        3
                    ],
                    "texture": "#0"
                },
                "up": {
                    "uv": [
                        2.625,
                        3,
                        2.375,
                        2.5
                    ],
                    "texture": "#0"
                },
                "down": {
                    "uv": [
                        2.875,
                        2.5,
                        2.625,
                        3
                    ],
                    "texture": "#0"
                }
            }
        },
        {
            "from": [
                14,
                8,
                12
            ],
            "to": [
                15,
                11,
                19
            ],
            "rotation": {
                "angle": 0,
                "axis": "y",
                "origin": [
                    15,
                    11,
                    8
                ]
            },
            "faces": {
                "north": {
                    "uv": [
                        2.5,
                        6.25,
                        2.625,
                        6.625
                    ],
                    "texture": "#2"
                },
                "east": {
                    "uv": [
                        5.625,
                        6.625,
                        6.5,
                        7
                    ],
                    "texture": "#2"
                },
                "south": {
                    "uv": [
                        4.625,
                        6.25,
                        4.75,
                        6.625
                    ],
                    "texture": "#2"
                },
                "west": {
                    "uv": [
                        6.5,
                        6.625,
                        7.375,
                        7
                    ],
                    "texture": "#2"
                },
                "up": {
                    "uv": [
                        2.625,
                        5.875,
                        2.5,
                        5
                    ],
                    "texture": "#2"
                },
                "down": {
                    "uv": [
                        5.25,
                        0,
                        5.125,
                        0.875
                    ],
                    "texture": "#2"
                }
            }
        },
        {
            "from": [
                12.14444,
                6.8444400000000005,
                12
            ],
            "to": [
                15.14444,
                7.8444400000000005,
                19
            ],
            "rotation": {
                "angle": 45,
                "axis": "z",
                "origin": [
                    13.64444,
                    7.3444400000000005,
                    8
                ]
            },
            "faces": {
                "north": {
                    "uv": [
                        5.125,
                        1,
                        5.5,
                        1.125
                    ],
                    "texture": "#2"
                },
                "east": {
                    "uv": [
                        6.875,
                        2.25,
                        7.75,
                        2.375
                    ],
                    "texture": "#2"
                },
                "south": {
                    "uv": [
                        5.125,
                        1.375,
                        5.5,
                        1.5
                    ],
                    "texture": "#2"
                },
                "west": {
                    "uv": [
                        6.875,
                        2.375,
                        7.75,
                        2.5
                    ],
                    "texture": "#2"
                },
                "up": {
                    "uv": [
                        2.875,
                        2.625,
                        2.5,
                        1.75
                    ],
                    "texture": "#2"
                },
                "down": {
                    "uv": [
                        3.25,
                        0,
                        2.875,
                        0.875
                    ],
                    "texture": "#2"
                }
            }
        },
        {
            "from": [
                0.85556,
                6.8444400000000005,
                12
            ],
            "to": [
                3.85556,
                7.8444400000000005,
                19
            ],
            "rotation": {
                "angle": -45,
                "axis": "z",
                "origin": [
                    2.35556,
                    7.3444400000000005,
                    8
                ]
            },
            "faces": {
                "north": {
                    "uv": [
                        3.875,
                        5.875,
                        4.25,
                        6
                    ],
                    "texture": "#2"
                },
                "east": {
                    "uv": [
                        6.875,
                        2.5,
                        7.75,
                        2.625
                    ],
                    "texture": "#2"
                },
                "south": {
                    "uv": [
                        6.625,
                        3.875,
                        7,
                        4
                    ],
                    "texture": "#2"
                },
                "west": {
                    "uv": [
                        6.875,
                        2.625,
                        7.75,
                        2.75
                    ],
                    "texture": "#2"
                },
                "up": {
                    "uv": [
                        3.25,
                        1.75,
                        2.875,
                        0.875
                    ],
                    "texture": "#2"
                },
                "down": {
                    "uv": [
                        2.875,
                        3.875,
                        2.5,
                        4.75
                    ],
                    "texture": "#2"
                }
            }
        },
        {
            "from": [
                1,
                8,
                12
            ],
            "to": [
                2,
                11,
                19
            ],
            "rotation": {
                "angle": 0,
                "axis": "y",
                "origin": [
                    2,
                    11,
                    8
                ]
            },
            "faces": {
                "north": {
                    "uv": [
                        4.75,
                        6.25,
                        4.875,
                        6.625
                    ],
                    "texture": "#2"
                },
                "east": {
                    "uv": [
                        0,
                        6.875,
                        0.875,
                        7.25
                    ],
                    "texture": "#2"
                },
                "south": {
                    "uv": [
                        4.625,
                        6.625,
                        4.75,
                        7
                    ],
                    "texture": "#2"
                },
                "west": {
                    "uv": [
                        6.875,
                        1.5,
                        7.75,
                        1.875
                    ],
                    "texture": "#2"
                },
                "up": {
                    "uv": [
                        5.375,
                        0.875,
                        5.25,
                        0
                    ],
                    "texture": "#2"
                },
                "down": {
                    "uv": [
                        5.5,
                        0,
                        5.375,
                        0.875
                    ],
                    "texture": "#2"
                }
            }
        },
        {
            "from": [
                3,
                6,
                12
            ],
            "to": [
                13,
                7,
                19
            ],
            "rotation": {
                "angle": 0,
                "axis": "y",
                "origin": [
                    8,
                    6.5,
                    8
                ]
            },
            "faces": {
                "north": {
                    "uv": [
                        3.875,
                        1.375,
                        5.125,
                        1.5
                    ],
                    "texture": "#2"
                },
                "east": {
                    "uv": [
                        6.875,
                        2.75,
                        7.75,
                        2.875
                    ],
                    "texture": "#2"
                },
                "south": {
                    "uv": [
                        6.625,
                        3.75,
                        7.875,
                        3.875
                    ],
                    "texture": "#2"
                },
                "west": {
                    "uv": [
                        3,
                        6.875,
                        3.875,
                        7
                    ],
                    "texture": "#2"
                },
                "up": {
                    "uv": [
                        6.875,
                        6.25,
                        5.625,
                        5.375
                    ],
                    "texture": "#2"
                },
                "down": {
                    "uv": [
                        4.25,
                        6,
                        3,
                        6.875
                    ],
                    "texture": "#2"
                }
            }
        },
        {
            "from": [
                7,
                7,
                13
            ],
            "to": [
                9,
                8,
                17
            ],
            "rotation": {
                "angle": 0,
                "axis": "y",
                "origin": [
                    8,
                    7.5,
                    8
                ]
            },
            "faces": {
                "north": {
                    "uv": [
                        6.875,
                        4.75,
                        7.125,
                        4.875
                    ],
                    "texture": "#2"
                },
                "east": {
                    "uv": [
                        0.375,
                        2.625,
                        0.875,
                        2.75
                    ],
                    "texture": "#2"
                },
                "south": {
                    "uv": [
                        6.875,
                        4.875,
                        7.125,
                        5
                    ],
                    "texture": "#2"
                },
                "west": {
                    "uv": [
                        2.5,
                        2.625,
                        3,
                        2.75
                    ],
                    "texture": "#2"
                },
                "up": {
                    "uv": [
                        1,
                        1.5,
                        0.75,
                        1
                    ],
                    "texture": "#2"
                },
                "down": {
                    "uv": [
                        1,
                        1.5,
                        0.75,
                        2
                    ],
                    "texture": "#2"
                }
            }
        }
    ]
}