{
    "credit": "Generated by UwU_Snek's silly little Python script",
    "gui_light": "side",
    "textures": {
        "0": "shadow_night:item/mob/overgrown_spider/head",
        "1": "shadow_night:item/mob/overgrown_spider/leg",
        "2": "shadow_night:item/mob/overgrown_spider/armor",
        "particle": "shadow_night:item/mob/overgrown_spider/head"
    },
    "elements": [
        {
            "name": "head",
            "from": [
                12,
                8,
                19
            ],
            "to": [
                4,
                18,
                -2
            ],
            "rotation": {
                "angle": 0,
                "axis": "y",
                "origin": [
                    8,
                    19,
                    8
                ]
            },
            "faces": {
                "north": {
                    "uv": [
                        2,
                        6.75,
                        3,
                        8
                    ],
                    "texture": "#0"
                },
                "east": {
                    "uv": [
                        4.25,
                        1.25,
                        6.875,
                        2.5
                    ],
                    "texture": "#0"
                },
                "south": {
                    "uv": [
                        3.5,
                        3.25,
                        4.5,
                        4.5
                    ],
                    "texture": "#0"
                },
                "west": {
                    "uv": [
                        4.25,
                        0,
                        6.875,
                        1.25
                    ],
                    "texture": "#0"
                },
                "up": {
                    "uv": [
                        5.625,
                        5.125,
                        4.625,
                        2.5
                    ],
                    "rotation": 180,
                    "texture": "#0"
                },
                "down": {
                    "uv": [
                        6,
                        5.125,
                        5,
                        7.75
                    ],
                    "rotation": 180,
                    "texture": "#0"
                }
            }
        },
        {
            "name": "head",
            "from": [
                12,
                9,
                -2
            ],
            "to": [
                10,
                17,
                -3
            ],
            "rotation": {
                "angle": 0,
                "axis": "y",
                "origin": [
                    8,
                    19,
                    8
                ]
            },
            "faces": {
                "east": {
                    "uv": [
                        2.5,
                        3.625,
                        2.625,
                        4.625
                    ],
                    "texture": "#0"
                },
                "south": {
                    "uv": [
                        0,
                        3.125,
                        0.25,
                        4.125
                    ],
                    "texture": "#0"
                },
                "up": {
                    "uv": [
                        1.75,
                        2.625,
                        1.5,
                        2.5
                    ],
                    "rotation": 180,
                    "texture": "#0"
                },
                "down": {
                    "uv": [
                        2,
                        2.5,
                        1.75,
                        2.625
                    ],
                    "rotation": 180,
                    "texture": "#0"
                }
            }
        },
        {
            "name": "head",
            "from": [
                10,
                16,
                -2
            ],
            "to": [
                6,
                17,
                -3
            ],
            "rotation": {
                "angle": 0,
                "axis": "y",
                "origin": [
                    8,
                    19,
                    8
                ]
            },
            "faces": {
                "south": {
                    "uv": [
                        2.75,
                        2.875,
                        3.25,
                        3
                    ],
                    "texture": "#0"
                },
                "down": {
                    "uv": [
                        3.5,
                        0.25,
                        3,
                        0.375
                    ],
                    "rotation": 180,
                    "texture": "#0"
                }
            }
        },
        {
            "name": "head",
            "from": [
                11,
                17,
                -2
            ],
            "to": [
                5,
                18,
                -3
            ],
            "rotation": {
                "angle": 0,
                "axis": "y",
                "origin": [
                    8,
                    19,
                    8
                ]
            },
            "faces": {
                "south": {
                    "uv": [
                        3.125,
                        2.5,
                        3.875,
                        2.625
                    ],
                    "texture": "#0"
                },
                "up": {
                    "uv": [
                        3.875,
                        2.875,
                        3.125,
                        2.75
                    ],
                    "rotation": 180,
                    "texture": "#0"
                }
            }
        },
        {
            "name": "head",
            "from": [
                6,
                9,
                -2
            ],
            "to": [
                4,
                17,
                -3
            ],
            "rotation": {
                "angle": 0,
                "axis": "y",
                "origin": [
                    8,
                    19,
                    8
                ]
            },
            "faces": {
                "south": {
                    "uv": [
                        1.75,
                        3.25,
                        2,
                        4.25
                    ],
                    "texture": "#0"
                },
                "west": {
                    "uv": [
                        2,
                        3.75,
                        2.125,
                        4.75
                    ],
                    "texture": "#0"
                },
                "up": {
                    "uv": [
                        2.75,
                        2,
                        2.5,
                        1.875
                    ],
                    "rotation": 180,
                    "texture": "#0"
                },
                "down": {
                    "uv": [
                        2.75,
                        2,
                        2.5,
                        2.125
                    ],
                    "rotation": 180,
                    "texture": "#0"
                }
            }
        },
        {
            "name": "head",
            "from": [
                4,
                9.001000000000001,
                -1.5
            ],
            "to": [
                3,
                16.999000000000002,
                -2.5
            ],
            "rotation": {
                "angle": 45,
                "axis": "y",
                "origin": [
                    3.5,
                    13,
                    -2.5
                ],
                "rescale": true
            },
            "faces": {
                "south": {
                    "uv": [
                        2.875,
                        0,
                        3,
                        1
                    ],
                    "texture": "#0"
                },
                "up": {
                    "uv": [
                        1.25,
                        2.625,
                        1.125,
                        2.5
                    ],
                    "rotation": 180,
                    "texture": "#0"
                },
                "down": {
                    "uv": [
                        2.625,
                        1.125,
                        2.5,
                        1.25
                    ],
                    "rotation": 180,
                    "texture": "#0"
                }
            }
        },
        {
            "name": "head",
            "from": [
                5,
                8.001000000000001,
                -1.5
            ],
            "to": [
                4,
                17.999000000000002,
                -2.5
            ],
            "rotation": {
                "angle": 45,
                "axis": "y",
                "origin": [
                    4.5,
                    13,
                    -2.5
                ],
                "rescale": true
            },
            "faces": {
                "south": {
                    "uv": [
                        2.125,
                        3,
                        2.25,
                        4.25
                    ],
                    "texture": "#0"
                },
                "up": {
                    "uv": [
                        1,
                        2.625,
                        0.875,
                        2.5
                    ],
                    "rotation": 180,
                    "texture": "#0"
                },
                "down": {
                    "uv": [
                        1.125,
                        2.5,
                        1,
                        2.625
                    ],
                    "rotation": 180,
                    "texture": "#0"
                }
            }
        },
        {
            "name": "head",
            "from": [
                12,
                8.001000000000001,
                -1.5
            ],
            "to": [
                11,
                17.999000000000002,
                -2.5
            ],
            "rotation": {
                "angle": -45,
                "axis": "y",
                "origin": [
                    11.5,
                    13,
                    -2.5
                ],
                "rescale": true
            },
            "faces": {
                "south": {
                    "uv": [
                        2.25,
                        3,
                        2.375,
                        4.25
                    ],
                    "texture": "#0"
                },
                "up": {
                    "uv": [
                        1.5,
                        2.625,
                        1.375,
                        2.5
                    ],
                    "rotation": 180,
                    "texture": "#0"
                },
                "down": {
                    "uv": [
                        2.625,
                        1.375,
                        2.5,
                        1.5
                    ],
                    "rotation": 180,
                    "texture": "#0"
                }
            }
        },
        {
            "name": "head",
            "from": [
                13,
                9.001000000000001,
                -1.5
            ],
            "to": [
                12,
                16.999000000000002,
                -2.5
            ],
            "rotation": {
                "angle": -45,
                "axis": "y",
                "origin": [
                    12.5,
                    13,
                    -2.5
                ],
                "rescale": true
            },
            "faces": {
                "south": {
                    "uv": [
                        2.875,
                        1.875,
                        3,
                        2.875
                    ],
                    "texture": "#0"
                },
                "up": {
                    "uv": [
                        1.375,
                        2.625,
                        1.25,
                        2.5
                    ],
                    "rotation": 180,
                    "texture": "#0"
                },
                "down": {
                    "uv": [
                        2.625,
                        1.25,
                        2.5,
                        1.375
                    ],
                    "rotation": 180,
                    "texture": "#0"
                }
            }
        },
        {
            "name": "head",
            "from": [
                12,
                8.001000000000001,
                18.5
            ],
            "to": [
                11,
                17.999000000000002,
                17.5
            ],
            "rotation": {
                "angle": 45,
                "axis": "y",
                "origin": [
                    11.5,
                    13,
                    18.5
                ],
                "rescale": true
            },
            "faces": {
                "north": {
                    "uv": [
                        2.375,
                        2.5,
                        2.5,
                        3.75
                    ],
                    "texture": "#0"
                },
                "up": {
                    "uv": [
                        0.5,
                        2.625,
                        0.375,
                        2.5
                    ],
                    "rotation": 180,
                    "texture": "#0"
                },
                "down": {
                    "uv": [
                        0.625,
                        2.5,
                        0.5,
                        2.625
                    ],
                    "rotation": 180,
                    "texture": "#0"
                }
            }
        },
        {
            "name": "head",
            "from": [
                13,
                9.001000000000001,
                18.5
            ],
            "to": [
                12,
                16.999000000000002,
                17.5
            ],
            "rotation": {
                "angle": 45,
                "axis": "y",
                "origin": [
                    12.5,
                    13,
                    18.5
                ],
                "rescale": true
            },
            "faces": {
                "north": {
                    "uv": [
                        2.75,
                        1.875,
                        2.875,
                        2.875
                    ],
                    "texture": "#0"
                },
                "up": {
                    "uv": [
                        0.75,
                        2.625,
                        0.625,
                        2.5
                    ],
                    "rotation": 180,
                    "texture": "#0"
                },
                "down": {
                    "uv": [
                        0.875,
                        2.5,
                        0.75,
                        2.625
                    ],
                    "rotation": 180,
                    "texture": "#0"
                }
            }
        },
        {
            "name": "head",
            "from": [
                4,
                9.001000000000001,
                18.5
            ],
            "to": [
                3,
                16.999000000000002,
                17.5
            ],
            "rotation": {
                "angle": -45,
                "axis": "y",
                "origin": [
                    3.5,
                    13,
                    18.5
                ],
                "rescale": true
            },
            "faces": {
                "north": {
                    "uv": [
                        2.75,
                        0,
                        2.875,
                        1
                    ],
                    "texture": "#0"
                },
                "up": {
                    "uv": [
                        0.25,
                        2.625,
                        0.125,
                        2.5
                    ],
                    "rotation": 180,
                    "texture": "#0"
                },
                "down": {
                    "uv": [
                        0.375,
                        2.5,
                        0.25,
                        2.625
                    ],
                    "rotation": 180,
                    "texture": "#0"
                }
            }
        },
        {
            "name": "head",
            "from": [
                5,
                8.001000000000001,
                18.5
            ],
            "to": [
                4,
                17.999000000000002,
                17.5
            ],
            "rotation": {
                "angle": -45,
                "axis": "y",
                "origin": [
                    4.5,
                    13,
                    18.5
                ],
                "rescale": true
            },
            "faces": {
                "north": {
                    "uv": [
                        2,
                        2.5,
                        2.125,
                        3.75
                    ],
                    "texture": "#0"
                },
                "up": {
                    "uv": [
                        0.125,
                        2.625,
                        0,
                        2.5
                    ],
                    "rotation": 180,
                    "texture": "#0"
                },
                "down": {
                    "uv": [
                        2.625,
                        0,
                        2.5,
                        0.125
                    ],
                    "rotation": 180,
                    "texture": "#0"
                }
            }
        },
        {
            "name": "head",
            "from": [
                6.5,
                11.5,
                -1.9989999999999988
            ],
            "to": [
                5.5,
                13.5,
                -2.9989999999999988
            ],
            "rotation": {
                "angle": 45,
                "axis": "z",
                "origin": [
                    6.5,
                    12.5,
                    -2.5
                ]
            },
            "faces": {
                "south": {
                    "uv": [
                        1,
                        3,
                        1.125,
                        3.25
                    ],
                    "texture": "#0"
                },
                "west": {
                    "uv": [
                        1.125,
                        3,
                        1.25,
                        3.25
                    ],
                    "texture": "#0"
                }
            }
        },
        {
            "name": "head",
            "from": [
                10,
                9,
                -2
            ],
            "to": [
                6,
                12,
                -3
            ],
            "rotation": {
                "angle": 0,
                "axis": "y",
                "origin": [
                    8,
                    19,
                    8
                ]
            },
            "faces": {
                "south": {
                    "uv": [
                        2.75,
                        1.125,
                        3.25,
                        1.5
                    ],
                    "texture": "#0"
                },
                "up": {
                    "uv": [
                        3.5,
                        0.5,
                        3,
                        0.375
                    ],
                    "rotation": 180,
                    "texture": "#0"
                }
            }
        },
        {
            "name": "head",
            "from": [
                10,
                12,
                -2.5
            ],
            "to": [
                6,
                16,
                -2.75
            ],
            "rotation": {
                "angle": 0,
                "axis": "y",
                "origin": [
                    8,
                    19,
                    8
                ]
            },
            "faces": {
                "south": {
                    "uv": [
                        0.25,
                        3.25,
                        0.75,
                        3.75
                    ],
                    "texture": "#0"
                }
            }
        },
        {
            "name": "head",
            "from": [
                11,
                8,
                -2
            ],
            "to": [
                5,
                9,
                -3
            ],
            "rotation": {
                "angle": 0,
                "axis": "y",
                "origin": [
                    8,
                    19,
                    8
                ]
            },
            "faces": {
                "south": {
                    "uv": [
                        3.125,
                        2,
                        3.875,
                        2.125
                    ],
                    "texture": "#0"
                },
                "down": {
                    "uv": [
                        3.875,
                        2.375,
                        3.125,
                        2.5
                    ],
                    "rotation": 180,
                    "texture": "#0"
                }
            }
        },
        {
            "name": "head",
            "from": [
                12,
                9,
                19
            ],
            "to": [
                4,
                17,
                18
            ],
            "rotation": {
                "angle": 0,
                "axis": "y",
                "origin": [
                    8,
                    19,
                    8
                ]
            },
            "faces": {
                "up": {
                    "uv": [
                        1,
                        3.125,
                        0,
                        3
                    ],
                    "rotation": 180,
                    "texture": "#0"
                },
                "down": {
                    "uv": [
                        4,
                        0.125,
                        3,
                        0.25
                    ],
                    "rotation": 180,
                    "texture": "#0"
                }
            }
        },
        {
            "name": "head",
            "from": [
                10.5,
                11.5,
                -1.9989999999999988
            ],
            "to": [
                9.5,
                13.5,
                -2.9989999999999988
            ],
            "rotation": {
                "angle": -45,
                "axis": "z",
                "origin": [
                    9.5,
                    12.5,
                    -2.5
                ]
            },
            "faces": {
                "east": {
                    "uv": [
                        1.875,
                        3,
                        2,
                        3.25
                    ],
                    "texture": "#0"
                },
                "south": {
                    "uv": [
                        1.5,
                        3,
                        1.625,
                        3.25
                    ],
                    "texture": "#0"
                }
            }
        },
        {
            "name": "head",
            "from": [
                10.5,
                14.5,
                -1.9989999999999988
            ],
            "to": [
                9.5,
                16.5,
                -2.9989999999999988
            ],
            "rotation": {
                "angle": 45,
                "axis": "z",
                "origin": [
                    9.5,
                    15.5,
                    -2.5
                ]
            },
            "faces": {
                "east": {
                    "uv": [
                        3,
                        2.625,
                        3.125,
                        2.875
                    ],
                    "texture": "#0"
                },
                "south": {
                    "uv": [
                        3,
                        1.875,
                        3.125,
                        2.125
                    ],
                    "texture": "#0"
                }
            }
        },
        {
            "name": "head",
            "from": [
                6.5,
                14.5,
                -1.9989999999999988
            ],
            "to": [
                5.5,
                16.5,
                -2.9989999999999988
            ],
            "rotation": {
                "angle": -45,
                "axis": "z",
                "origin": [
                    6.5,
                    15.5,
                    -2.5
                ]
            },
            "faces": {
                "south": {
                    "uv": [
                        2.75,
                        3,
                        2.875,
                        3.25
                    ],
                    "texture": "#0"
                },
                "west": {
                    "uv": [
                        2.875,
                        3,
                        3,
                        3.25
                    ],
                    "texture": "#0"
                }
            }
        },
        {
            "name": "head",
            "from": [
                6,
                16,
                17
            ],
            "to": [
                2,
                19,
                -1
            ],
            "rotation": {
                "angle": 0,
                "axis": "y",
                "origin": [
                    3,
                    17.5,
                    8
                ]
            },
            "faces": {
                "north": {
                    "uv": [
                        1,
                        2.625,
                        1.5,
                        3
                    ],
                    "texture": "#2"
                },
                "south": {
                    "uv": [
                        2.25,
                        2.25,
                        2.75,
                        2.625
                    ],
                    "texture": "#2"
                },
                "west": {
                    "uv": [
                        0,
                        3.25,
                        2.25,
                        3.625
                    ],
                    "texture": "#2"
                },
                "down": {
                    "uv": [
                        1,
                        3.875,
                        0.5,
                        6.125
                    ],
                    "rotation": 180,
                    "texture": "#2"
                }
            }
        },
        {
            "name": "head",
            "from": [
                4,
                9,
                18
            ],
            "to": [
                3,
                17,
                -2
            ],
            "rotation": {
                "angle": 0,
                "axis": "y",
                "origin": [
                    3,
                    17.5,
                    8
                ]
            },
            "faces": {
                "east": {
                    "uv": [
                        2.5,
                        5.75,
                        5,
                        6.75
                    ],
                    "texture": "#0"
                },
                "up": {
                    "uv": [
                        6.375,
                        6.75,
                        6.25,
                        4.25
                    ],
                    "rotation": 180,
                    "texture": "#0"
                },
                "down": {
                    "uv": [
                        6.5,
                        4.25,
                        6.375,
                        6.75
                    ],
                    "rotation": 180,
                    "texture": "#0"
                }
            }
        },
        {
            "name": "head",
            "from": [
                13,
                9,
                18
            ],
            "to": [
                12,
                17,
                -2
            ],
            "rotation": {
                "angle": 0,
                "axis": "y",
                "origin": [
                    3,
                    17.5,
                    8
                ]
            },
            "faces": {
                "west": {
                    "uv": [
                        5.75,
                        2.5,
                        8.25,
                        3.5
                    ],
                    "texture": "#0"
                },
                "up": {
                    "uv": [
                        6.625,
                        6.75,
                        6.5,
                        4.25
                    ],
                    "rotation": 180,
                    "texture": "#0"
                },
                "down": {
                    "uv": [
                        6.75,
                        4.25,
                        6.625,
                        6.75
                    ],
                    "rotation": 180,
                    "texture": "#0"
                }
            }
        },
        {
            "name": "head",
            "from": [
                14,
                16,
                17
            ],
            "to": [
                10,
                19,
                -1
            ],
            "rotation": {
                "angle": 0,
                "axis": "y",
                "origin": [
                    10,
                    17.5,
                    8
                ]
            },
            "faces": {
                "north": {
                    "uv": [
                        2.25,
                        1.375,
                        2.75,
                        1.75
                    ],
                    "texture": "#2"
                },
                "east": {
                    "uv": [
                        0,
                        2.25,
                        2.25,
                        2.625
                    ],
                    "texture": "#2"
                },
                "south": {
                    "uv": [
                        2,
                        1.875,
                        2.5,
                        2.25
                    ],
                    "texture": "#2"
                },
                "down": {
                    "uv": [
                        0.5,
                        3.875,
                        0,
                        6.125
                    ],
                    "rotation": 180,
                    "texture": "#2"
                }
            }
        },
        {
            "from": [
                7,
                19,
                20
            ],
            "to": [
                3,
                20,
                -4
            ],
            "rotation": {
                "angle": 0,
                "axis": "y",
                "origin": [
                    8,
                    19,
                    8
                ]
            },
            "faces": {
                "north": {
                    "uv": [
                        0.375,
                        2.125,
                        1,
                        2.25
                    ],
                    "texture": "#2"
                },
                "south": {
                    "uv": [
                        0.375,
                        2,
                        1,
                        2.125
                    ],
                    "texture": "#2"
                },
                "west": {
                    "uv": [
                        0,
                        3,
                        3,
                        3.125
                    ],
                    "texture": "#2"
                },
                "up": {
                    "uv": [
                        3.875,
                        3,
                        3.25,
                        0
                    ],
                    "rotation": 180,
                    "texture": "#2"
                },
                "down": {
                    "uv": [
                        3.875,
                        3,
                        3.25,
                        6
                    ],
                    "rotation": 180,
                    "texture": "#2"
                }
            }
        },
        {
            "from": [
                13,
                19,
                20
            ],
            "to": [
                9,
                20,
                -4
            ],
            "rotation": {
                "angle": 0,
                "axis": "y",
                "origin": [
                    8,
                    19,
                    8
                ]
            },
            "faces": {
                "north": {
                    "uv": [
                        0.375,
                        2.875,
                        0.875,
                        3
                    ],
                    "texture": "#2"
                },
                "east": {
                    "uv": [
                        0,
                        3.75,
                        3,
                        3.875
                    ],
                    "texture": "#2"
                },
                "south": {
                    "uv": [
                        0.375,
                        2.75,
                        0.875,
                        2.875
                    ],
                    "texture": "#2"
                },
                "up": {
                    "uv": [
                        4.375,
                        5.875,
                        3.875,
                        2.875
                    ],
                    "rotation": 180,
                    "texture": "#2"
                },
                "down": {
                    "uv": [
                        4.875,
                        2.875,
                        4.375,
                        5.875
                    ],
                    "rotation": 180,
                    "texture": "#2"
                }
            }
        },
        {
            "from": [
                2,
                15,
                20
            ],
            "to": [
                1,
                18,
                -4
            ],
            "rotation": {
                "angle": 0,
                "axis": "y",
                "origin": [
                    2,
                    18,
                    8
                ]
            },
            "faces": {
                "north": {
                    "uv": [
                        2.25,
                        6.875,
                        2.375,
                        7.25
                    ],
                    "texture": "#2"
                },
                "east": {
                    "uv": [
                        4.875,
                        2.875,
                        7.875,
                        3.25
                    ],
                    "texture": "#2"
                },
                "south": {
                    "uv": [
                        4.75,
                        6.625,
                        4.875,
                        7
                    ],
                    "texture": "#2"
                },
                "west": {
                    "uv": [
                        3.875,
                        1.5,
                        6.875,
                        1.875
                    ],
                    "texture": "#2"
                },
                "down": {
                    "uv": [
                        4.375,
                        5.875,
                        4.25,
                        8.875
                    ],
                    "rotation": 180,
                    "texture": "#2"
                }
            }
        },
        {
            "from": [
                2.7500099999999996,
                18.5,
                19.998
            ],
            "to": [
                2.0000099999999996,
                20.5,
                -4
            ],
            "rotation": {
                "angle": -45,
                "axis": "z",
                "origin": [
                    1.5000099999999996,
                    19.5,
                    7.9990000000000006
                ],
                "rescale": true
            },
            "faces": {
                "north": {
                    "uv": [
                        1.75,
                        1.75,
                        1.875,
                        2
                    ],
                    "texture": "#2"
                },
                "east": {
                    "uv": [
                        0,
                        0.75,
                        3,
                        1
                    ],
                    "texture": "#2"
                },
                "south": {
                    "uv": [
                        1.75,
                        1.5,
                        1.875,
                        1.75
                    ],
                    "texture": "#2"
                },
                "west": {
                    "uv": [
                        0,
                        0.5,
                        3,
                        0.75
                    ],
                    "texture": "#2"
                }
            }
        },
        {
            "from": [
                14,
                18.5,
                19.999
            ],
            "to": [
                13.25,
                20.5,
                -3.9989999999999988
            ],
            "rotation": {
                "angle": 45,
                "axis": "z",
                "origin": [
                    14.5,
                    19.5,
                    8
                ],
                "rescale": true
            },
            "faces": {
                "north": {
                    "uv": [
                        1.75,
                        1.25,
                        1.875,
                        1.5
                    ],
                    "texture": "#2"
                },
                "east": {
                    "uv": [
                        0,
                        0.25,
                        3,
                        0.5
                    ],
                    "texture": "#2"
                },
                "south": {
                    "uv": [
                        1.75,
                        1,
                        1.875,
                        1.25
                    ],
                    "texture": "#2"
                },
                "west": {
                    "uv": [
                        0,
                        0,
                        3,
                        0.25
                    ],
                    "texture": "#2"
                }
            }
        },
        {
            "from": [
                14,
                5.5,
                3.9990000000000006
            ],
            "to": [
                13.25,
                7.5,
                -2.9989999999999988
            ],
            "rotation": {
                "angle": -45,
                "axis": "z",
                "origin": [
                    14.5,
                    6.5,
                    8
                ],
                "rescale": true
            },
            "faces": {
                "north": {
                    "uv": [
                        1.875,
                        1.75,
                        2,
                        2
                    ],
                    "texture": "#2"
                },
                "east": {
                    "uv": [
                        0.875,
                        1.25,
                        1.75,
                        1.5
                    ],
                    "texture": "#2"
                },
                "south": {
                    "uv": [
                        1.875,
                        1.5,
                        2,
                        1.75
                    ],
                    "texture": "#2"
                },
                "west": {
                    "uv": [
                        0,
                        1.25,
                        0.875,
                        1.5
                    ],
                    "texture": "#2"
                }
            }
        },
        {
            "from": [
                2.75,
                5.5,
                3.9990000000000006
            ],
            "to": [
                2,
                7.5,
                -2.9989999999999988
            ],
            "rotation": {
                "angle": 45,
                "axis": "z",
                "origin": [
                    1.5,
                    6.5,
                    8
                ],
                "rescale": true
            },
            "faces": {
                "north": {
                    "uv": [
                        1.875,
                        1.25,
                        2,
                        1.5
                    ],
                    "texture": "#2"
                },
                "east": {
                    "uv": [
                        0.875,
                        1,
                        1.75,
                        1.25
                    ],
                    "texture": "#2"
                },
                "south": {
                    "uv": [
                        1.875,
                        1,
                        2,
                        1.25
                    ],
                    "texture": "#2"
                },
                "west": {
                    "uv": [
                        0,
                        1,
                        0.875,
                        1.25
                    ],
                    "texture": "#2"
                }
            }
        },
        {
            "from": [
                2.75,
                5.5,
                18.999
            ],
            "to": [
                2,
                7.5,
                12.001
            ],
            "rotation": {
                "angle": 45,
                "axis": "z",
                "origin": [
                    1.5,
                    6.5,
                    23
                ],
                "rescale": true
            },
            "faces": {
                "north": {
                    "uv": [
                        0.125,
                        2,
                        0.25,
                        2.25
                    ],
                    "texture": "#2"
                },
                "east": {
                    "uv": [
                        0.875,
                        1.5,
                        1.75,
                        1.75
                    ],
                    "texture": "#2"
                },
                "south": {
                    "uv": [
                        0,
                        2,
                        0.125,
                        2.25
                    ],
                    "texture": "#2"
                },
                "west": {
                    "uv": [
                        0,
                        1.5,
                        0.875,
                        1.75
                    ],
                    "texture": "#2"
                }
            }
        },
        {
            "from": [
                14,
                5.5,
                18.999
            ],
            "to": [
                13.25,
                7.5,
                12.001
            ],
            "rotation": {
                "angle": -45,
                "axis": "z",
                "origin": [
                    14.5,
                    6.5,
                    23
                ],
                "rescale": true
            },
            "faces": {
                "north": {
                    "uv": [
                        1,
                        2,
                        1.125,
                        2.25
                    ],
                    "texture": "#2"
                },
                "east": {
                    "uv": [
                        0.875,
                        1.75,
                        1.75,
                        2
                    ],
                    "texture": "#2"
                },
                "south": {
                    "uv": [
                        0.25,
                        2,
                        0.375,
                        2.25
                    ],
                    "texture": "#2"
                },
                "west": {
                    "uv": [
                        0,
                        1.75,
                        0.875,
                        2
                    ],
                    "texture": "#2"
                }
            }
        },
        {
            "from": [
                15,
                15,
                20
            ],
            "to": [
                14,
                18,
                -4
            ],
            "rotation": {
                "angle": 0,
                "axis": "y",
                "origin": [
                    15,
                    18,
                    8
                ]
            },
            "faces": {
                "north": {
                    "uv": [
                        3.875,
                        6.875,
                        4,
                        7.25
                    ],
                    "texture": "#2"
                },
                "east": {
                    "uv": [
                        4.875,
                        4.125,
                        7.875,
                        4.5
                    ],
                    "texture": "#2"
                },
                "south": {
                    "uv": [
                        2.375,
                        6.875,
                        2.5,
                        7.25
                    ],
                    "texture": "#2"
                },
                "west": {
                    "uv": [
                        4.875,
                        3.25,
                        7.875,
                        3.625
                    ],
                    "texture": "#2"
                },
                "down": {
                    "uv": [
                        4.625,
                        5.875,
                        4.5,
                        8.875
                    ],
                    "rotation": 180,
                    "texture": "#2"
                }
            }
        },
        {
            "from": [
                2,
                8,
                4
            ],
            "to": [
                1,
                11,
                -3
            ],
            "rotation": {
                "angle": 0,
                "axis": "y",
                "origin": [
                    2,
                    11,
                    8
                ]
            },
            "faces": {
                "north": {
                    "uv": [
                        2.5,
                        5.875,
                        2.625,
                        6.25
                    ],
                    "texture": "#2"
                },
                "east": {
                    "uv": [
                        5.75,
                        3.75,
                        6.625,
                        4.125
                    ],
                    "texture": "#2"
                },
                "south": {
                    "uv": [
                        0.875,
                        2.625,
                        1,
                        3
                    ],
                    "texture": "#2"
                },
                "west": {
                    "uv": [
                        4.875,
                        3.75,
                        5.75,
                        4.125
                    ],
                    "texture": "#2"
                },
                "up": {
                    "uv": [
                        3,
                        2.625,
                        2.875,
                        1.75
                    ],
                    "rotation": 180,
                    "texture": "#2"
                }
            }
        },
        {
            "from": [
                15,
                8,
                4
            ],
            "to": [
                14,
                11,
                -3
            ],
            "rotation": {
                "angle": 0,
                "axis": "y",
                "origin": [
                    15,
                    11,
                    8
                ]
            },
            "faces": {
                "north": {
                    "uv": [
                        4.75,
                        5.875,
                        4.875,
                        6.25
                    ],
                    "texture": "#2"
                },
                "east": {
                    "uv": [
                        6.5,
                        6.25,
                        7.375,
                        6.625
                    ],
                    "texture": "#2"
                },
                "south": {
                    "uv": [
                        4.625,
                        5.875,
                        4.75,
                        6.25
                    ],
                    "texture": "#2"
                },
                "west": {
                    "uv": [
                        5.625,
                        6.25,
                        6.5,
                        6.625
                    ],
                    "texture": "#2"
                },
                "up": {
                    "uv": [
                        3,
                        4.75,
                        2.875,
                        3.875
                    ],
                    "rotation": 180,
                    "texture": "#2"
                }
            }
        },
        {
            "from": [
                13,
                6,
                4
            ],
            "to": [
                3,
                7,
                -3
            ],
            "rotation": {
                "angle": 0,
                "axis": "y",
                "origin": [
                    8,
                    6.5,
                    8
                ]
            },
            "faces": {
                "north": {
                    "uv": [
                        3.875,
                        1,
                        5.125,
                        1.125
                    ],
                    "texture": "#2"
                },
                "south": {
                    "uv": [
                        3.875,
                        0.875,
                        5.125,
                        1
                    ],
                    "texture": "#2"
                },
                "up": {
                    "uv": [
                        5.125,
                        0.875,
                        3.875,
                        0
                    ],
                    "rotation": 180,
                    "texture": "#2"
                },
                "down": {
                    "uv": [
                        6.875,
                        4.5,
                        5.625,
                        5.375
                    ],
                    "rotation": 180,
                    "texture": "#2"
                }
            }
        },
        {
            "from": [
                11,
                7,
                2
            ],
            "to": [
                5,
                8,
                0
            ],
            "rotation": {
                "angle": 0,
                "axis": "y",
                "origin": [
                    8,
                    7.5,
                    8
                ]
            },
            "faces": {
                "north": {
                    "uv": [
                        2,
                        1.25,
                        2.75,
                        1.375
                    ],
                    "texture": "#2"
                },
                "east": {
                    "uv": [
                        2,
                        1.75,
                        2.25,
                        1.875
                    ],
                    "texture": "#2"
                },
                "south": {
                    "uv": [
                        2,
                        1.125,
                        2.75,
                        1.25
                    ],
                    "texture": "#2"
                },
                "west": {
                    "uv": [
                        2,
                        1.625,
                        2.25,
                        1.75
                    ],
                    "texture": "#2"
                }
            }
        },
        {
            "from": [
                15,
                8,
                19
            ],
            "to": [
                14,
                11,
                12
            ],
            "rotation": {
                "angle": 0,
                "axis": "y",
                "origin": [
                    15,
                    11,
                    8
                ]
            },
            "faces": {
                "north": {
                    "uv": [
                        4.625,
                        6.25,
                        4.75,
                        6.625
                    ],
                    "texture": "#2"
                },
                "east": {
                    "uv": [
                        6.5,
                        6.625,
                        7.375,
                        7
                    ],
                    "texture": "#2"
                },
                "south": {
                    "uv": [
                        2.5,
                        6.25,
                        2.625,
                        6.625
                    ],
                    "texture": "#2"
                },
                "west": {
                    "uv": [
                        5.625,
                        6.625,
                        6.5,
                        7
                    ],
                    "texture": "#2"
                },
                "up": {
                    "uv": [
                        2.625,
                        5.875,
                        2.5,
                        5
                    ],
                    "rotation": 180,
                    "texture": "#2"
                }
            }
        },
        {
            "from": [
                2,
                8,
                19
            ],
            "to": [
                1,
                11,
                12
            ],
            "rotation": {
                "angle": 0,
                "axis": "y",
                "origin": [
                    2,
                    11,
                    8
                ]
            },
            "faces": {
                "north": {
                    "uv": [
                        4.625,
                        6.625,
                        4.75,
                        7
                    ],
                    "texture": "#2"
                },
                "east": {
                    "uv": [
                        6.875,
                        1.5,
                        7.75,
                        1.875
                    ],
                    "texture": "#2"
                },
                "south": {
                    "uv": [
                        4.75,
                        6.25,
                        4.875,
                        6.625
                    ],
                    "texture": "#2"
                },
                "west": {
                    "uv": [
                        0,
                        6.875,
                        0.875,
                        7.25
                    ],
                    "texture": "#2"
                },
                "up": {
                    "uv": [
                        5.375,
                        0.875,
                        5.25,
                        0
                    ],
                    "rotation": 180,
                    "texture": "#2"
                }
            }
        },
        {
            "from": [
                13,
                6,
                19
            ],
            "to": [
                3,
                7,
                12
            ],
            "rotation": {
                "angle": 0,
                "axis": "y",
                "origin": [
                    8,
                    6.5,
                    8
                ]
            },
            "faces": {
                "north": {
                    "uv": [
                        6.625,
                        3.75,
                        7.875,
                        3.875
                    ],
                    "texture": "#2"
                },
                "south": {
                    "uv": [
                        3.875,
                        1.375,
                        5.125,
                        1.5
                    ],
                    "texture": "#2"
                },
                "up": {
                    "uv": [
                        6.875,
                        6.25,
                        5.625,
                        5.375
                    ],
                    "rotation": 180,
                    "texture": "#2"
                },
                "down": {
                    "uv": [
                        4.25,
                        6,
                        3,
                        6.875
                    ],
                    "rotation": 180,
                    "texture": "#2"
                }
            }
        },
        {
            "from": [
                11,
                7,
                16
            ],
            "to": [
                5,
                8,
                14
            ],
            "rotation": {
                "angle": 0,
                "axis": "y",
                "origin": [
                    8,
                    7.5,
                    8
                ]
            },
            "faces": {
                "north": {
                    "uv": [
                        1.125,
                        2,
                        1.875,
                        2.125
                    ],
                    "texture": "#2"
                },
                "east": {
                    "uv": [
                        2,
                        1.5,
                        2.25,
                        1.625
                    ],
                    "texture": "#2"
                },
                "south": {
                    "uv": [
                        2,
                        1,
                        2.75,
                        1.125
                    ],
                    "texture": "#2"
                },
                "west": {
                    "uv": [
                        2,
                        1.375,
                        2.25,
                        1.5
                    ],
                    "texture": "#2"
                }
            }
        }
    ]
}