{
    "credit": "Generated by UwU_Snek's silly little Python script",
    "textures": {
        "0": "shadow_night:item/mob/overgrown_spider/head",
        "1": "shadow_night:item/mob/overgrown_spider/leg2",
        "2": "shadow_night:item/mob/overgrown_spider/leg1",
        "3": "shadow_night:item/mob/overgrown_spider/leg0",
        "particle": "shadow_night:item/mob/overgrown_spider/head"
    },
    "elements": [
        {
            "name": "pad",
            "from": [
                3,
                1,
                3
            ],
            "to": [
                13,
                3,
                13
            ],
            "rotation": {
                "angle": 0,
                "axis": "y",
                "origin": [
                    8,
                    14,
                    8
                ]
            },
            "faces": {
                "north": {
                    "uv": [
                        3.75,
                        2.5,
                        2.5,
                        2.625
                    ],
                    "texture": "#0"
                },
                "east": {
                    "uv": [
                        5.25,
                        2.5,
                        3.75,
                        2.625
                    ],
                    "texture": "#0"
                },
                "south": {
                    "uv": [
                        6.5,
                        2.5,
                        5.25,
                        2.625
                    ],
                    "texture": "#0"
                },
                "west": {
                    "uv": [
                        2.5,
                        2.5,
                        1,
                        2.625
                    ],
                    "texture": "#0"
                },
                "up": {
                    "uv": [
                        2.5,
                        2.5,
                        3.75,
                        1
                    ],
                    "texture": "#0"
                },
                "down": {
                    "uv": [
                        3.75,
                        1,
                        5,
                        2.5
                    ],
                    "texture": "#0"
                }
            }
        },
        {
            "name": "head",
            "from": [
                3,
                3,
                -2
            ],
            "to": [
                13,
                13,
                18
            ],
            "rotation": {
                "angle": 0,
                "axis": "y",
                "origin": [
                    8,
                    14,
                    8
                ]
            },
            "faces": {
                "north": {
                    "uv": [
                        4,
                        2.5,
                        2.5,
                        4
                    ],
                    "texture": "#0"
                },
                "east": {
                    "uv": [
                        6.5,
                        2.5,
                        4,
                        4
                    ],
                    "texture": "#0"
                },
                "south": {
                    "uv": [
                        8,
                        2.5,
                        6.5,
                        4
                    ],
                    "texture": "#0"
                },
                "west": {
                    "uv": [
                        2.5,
                        2.5,
                        0,
                        4
                    ],
                    "texture": "#0"
                },
                "up": {
                    "uv": [
                        2.5,
                        2.5,
                        4,
                        0
                    ],
                    "texture": "#0"
                },
                "down": {
                    "uv": [
                        4,
                        0,
                        5.5,
                        2.5
                    ],
                    "texture": "#0"
                }
            }
        }
    ]
}