{
    "credit": "Generated by UwU_Snek's silly little Python script",
    "gui_light": "side",
    "textures": {
        "0": "shadow_night:item/mob/overgrown_spider/head",
        "1": "shadow_night:item/mob/overgrown_spider/leg",
        "2": "shadow_night:item/mob/overgrown_spider/armor",
        "particle": "shadow_night:item/mob/overgrown_spider/head"
    },
    "elements": [
        {
            "name": "base_pad",
            "from": [
                12,
                7,
                12
            ],
            "to": [
                4,
                8,
                4
            ],
            "rotation": {
                "angle": 0,
                "axis": "y",
                "origin": [
                    8,
                    19,
                    8
                ]
            },
            "faces": {
                "north": {
                    "uv": [
                        1.125,
                        0.5625,
                        1.625,
                        0.625
                    ],
                    "texture": "#0"
                },
                "east": {
                    "uv": [
                        0.75,
                        1.125,
                        1.25,
                        1.1875
                    ],
                    "texture": "#0"
                },
                "south": {
                    "uv": [
                        1.1875,
                        0.625,
                        1.6875,
                        0.6875
                    ],
                    "texture": "#0"
                },
                "west": {
                    "uv": [
                        1.1875,
                        0.6875,
                        1.6875,
                        0.75
                    ],
                    "texture": "#0"
                },
                "down": {
                    "uv": [
                        1.1875,
                        0.625,
                        0.6875,
                        1.125
                    ],
                    "texture": "#0"
                }
            }
        },
        {
            "name": "panel_l",
            "from": [
                3,
                9,
                18
            ],
            "to": [
                2,
                19,
                -2
            ],
            "rotation": {
                "angle": 0,
                "axis": "y",
                "origin": [
                    3,
                    17.5,
                    8
                ]
            },
            "faces": {
                "east": {
                    "uv": [
                        4.25,
                        1.3125,
                        5.5,
                        1.9375
                    ],
                    "texture": "#0"
                },
                "up": {
                    "uv": [
                        2.4375,
                        3.75,
                        2.375,
                        2.5
                    ],
                    "texture": "#0"
                },
                "down": {
                    "uv": [
                        2.5,
                        2.5,
                        2.4375,
                        3.75
                    ],
                    "texture": "#0"
                }
            }
        },
        {
            "name": "panel_r",
            "from": [
                14,
                9,
                18
            ],
            "to": [
                13,
                19,
                -2
            ],
            "rotation": {
                "angle": 0,
                "axis": "y",
                "origin": [
                    3,
                    17.5,
                    8
                ]
            },
            "faces": {
                "west": {
                    "uv": [
                        4.25,
                        1.9375,
                        5.5,
                        2.5625
                    ],
                    "texture": "#0"
                },
                "up": {
                    "uv": [
                        1.5625,
                        4,
                        1.5,
                        2.75
                    ],
                    "texture": "#0"
                },
                "down": {
                    "uv": [
                        1.625,
                        2.75,
                        1.5625,
                        4
                    ],
                    "texture": "#0"
                }
            }
        },
        {
            "name": "main",
            "from": [
                13,
                8,
                19
            ],
            "to": [
                3,
                20,
                -2
            ],
            "rotation": {
                "angle": 0,
                "axis": "y",
                "origin": [
                    8,
                    19,
                    8
                ]
            },
            "faces": {
                "north": {
                    "uv": [
                        0,
                        1.25,
                        0.625,
                        2
                    ],
                    "texture": "#0"
                },
                "east": {
                    "uv": [
                        3.375,
                        3.25,
                        4.6875,
                        4
                    ],
                    "texture": "#0"
                },
                "south": {
                    "uv": [
                        9.9375,
                        2.75,
                        11.1875,
                        4.25
                    ],
                    "texture": "#0"
                },
                "west": {
                    "uv": [
                        3.375,
                        4,
                        4.6875,
                        4.75
                    ],
                    "texture": "#0"
                },
                "up": {
                    "uv": [
                        2.375,
                        4.0625,
                        1.75,
                        2.75
                    ],
                    "texture": "#0"
                },
                "down": {
                    "uv": [
                        4.875,
                        0,
                        4.25,
                        1.3125
                    ],
                    "texture": "#0"
                }
            }
        },
        {
            "name": "normal",
            "from": [
                16.25,
                5.75,
                20.25
            ],
            "to": [
                -0.25,
                22.25,
                -4.25
            ],
            "rotation": {
                "angle": 0,
                "axis": "y",
                "origin": [
                    1,
                    20,
                    8
                ]
            },
            "faces": {
                "north": {
                    "uv": [
                        3.125,
                        4.75,
                        4.125,
                        5.8125
                    ],
                    "texture": "#0"
                },
                "east": {
                    "uv": [
                        0,
                        4.125,
                        1.5625,
                        5.1875
                    ],
                    "texture": "#0"
                },
                "south": {
                    "uv": [
                        4.875,
                        0,
                        5.875,
                        1.0625
                    ],
                    "texture": "#0"
                },
                "west": {
                    "uv": [
                        1.5625,
                        4.5,
                        3.125,
                        5.5625
                    ],
                    "texture": "#0"
                },
                "up": {
                    "uv": [
                        5.6875,
                        4.125,
                        4.6875,
                        2.5625
                    ],
                    "texture": "#0"
                },
                "down": {
                    "uv": [
                        5.6875,
                        4.125,
                        4.6875,
                        5.6875
                    ],
                    "texture": "#0"
                }
            }
        },
        {
            "name": "normal_inv",
            "from": [
                -0.25,
                22.25,
                -4.25
            ],
            "to": [
                16.25,
                5.75,
                20.25
            ],
            "rotation": {
                "angle": 0,
                "axis": "y",
                "origin": [
                    1,
                    20,
                    8
                ]
            },
            "faces": {
                "north": {
                    "uv": [
                        4.875,
                        1.0625,
                        5.875,
                        0
                    ],
                    "texture": "#0"
                },
                "east": {
                    "uv": [
                        1.5625,
                        5.5625,
                        3.125,
                        4.5
                    ],
                    "texture": "#0"
                },
                "south": {
                    "uv": [
                        3.125,
                        5.8125,
                        4.125,
                        4.75
                    ],
                    "texture": "#0"
                },
                "west": {
                    "uv": [
                        0,
                        5.1875,
                        1.5625,
                        4.125
                    ],
                    "texture": "#0"
                },
                "down": {
                    "uv": [
                        4.6875,
                        4.125,
                        5.6875,
                        2.5625
                    ],
                    "texture": "#0"
                }
            }
        },
        {
            "name": "diagonal",
            "from": [
                15.225,
                13.15,
                20.25
            ],
            "to": [
                6.949999999999999,
                21.425,
                -4.25
            ],
            "rotation": {
                "angle": 45,
                "axis": "z",
                "origin": [
                    8.125,
                    14.2,
                    8
                ],
                "rescale": true
            },
            "faces": {
                "east": {
                    "uv": [
                        5.6875,
                        3.9375,
                        7.25,
                        4.8125
                    ],
                    "texture": "#0"
                },
                "west": {
                    "uv": [
                        4.125,
                        5.67344,
                        5.6875,
                        6.18906
                    ],
                    "texture": "#0"
                },
                "up": {
                    "uv": [
                        6.57656,
                        6.375,
                        6.06094,
                        4.8125
                    ],
                    "texture": "#0"
                },
                "down": {
                    "uv": [
                        3.6875,
                        5.8125,
                        2.8125,
                        7.375
                    ],
                    "texture": "#0"
                }
            }
        },
        {
            "name": "inside",
            "from": [
                14.25,
                7.75,
                19.25
            ],
            "to": [
                2,
                20.25,
                -3.25
            ],
            "rotation": {
                "angle": 0,
                "axis": "y",
                "origin": [
                    1,
                    20,
                    8
                ]
            },
            "faces": {
                "north": {
                    "uv": [
                        0,
                        2,
                        0.6875,
                        2.75
                    ],
                    "texture": "#0"
                },
                "east": {
                    "uv": [
                        2.75,
                        2,
                        4.125,
                        2.75
                    ],
                    "texture": "#0"
                },
                "south": {
                    "uv": [
                        3.125,
                        0,
                        3.8125,
                        0.75
                    ],
                    "texture": "#0"
                },
                "west": {
                    "uv": [
                        2.875,
                        0.75,
                        4.25,
                        1.5
                    ],
                    "texture": "#0"
                },
                "up": {
                    "uv": [
                        1.375,
                        4.125,
                        0.6875,
                        2.75
                    ],
                    "texture": "#0"
                },
                "down": {
                    "uv": [
                        3.1875,
                        3.125,
                        2.5,
                        4.5
                    ],
                    "texture": "#0"
                }
            }
        },
        {
            "name": "left",
            "from": [
                1.25,
                3.75,
                19.5
            ],
            "to": [
                -0.25,
                11.25,
                -3.25
            ],
            "rotation": {
                "angle": 0,
                "axis": "y",
                "origin": [
                    1,
                    20,
                    8
                ]
            },
            "faces": {
                "north": {
                    "uv": [
                        0.125,
                        0.375,
                        0.1875,
                        0.8125
                    ],
                    "texture": "#0"
                },
                "east": {
                    "uv": [
                        5.5,
                        1.25,
                        6.875,
                        1.6875
                    ],
                    "texture": "#0"
                },
                "south": {
                    "uv": [
                        0.1875,
                        0.375,
                        0.25,
                        0.8125
                    ],
                    "texture": "#0"
                },
                "west": {
                    "uv": [
                        5.5,
                        1.6875,
                        6.875,
                        2.125
                    ],
                    "texture": "#0"
                },
                "up": {
                    "uv": [
                        2.75,
                        6.9375,
                        2.6875,
                        5.5625
                    ],
                    "texture": "#0"
                },
                "down": {
                    "uv": [
                        2.8125,
                        5.5625,
                        2.75,
                        6.9375
                    ],
                    "texture": "#0"
                }
            }
        },
        {
            "name": "right",
            "from": [
                16.25,
                3.75,
                19.25
            ],
            "to": [
                14.75,
                11.25,
                -3.25
            ],
            "rotation": {
                "angle": 0,
                "axis": "y",
                "origin": [
                    1,
                    20,
                    8
                ]
            },
            "faces": {
                "north": {
                    "uv": [
                        0,
                        0.375,
                        0.0625,
                        0.8125
                    ],
                    "texture": "#0"
                },
                "east": {
                    "uv": [
                        3.1875,
                        2.75,
                        4.5625,
                        3.1875
                    ],
                    "texture": "#0"
                },
                "south": {
                    "uv": [
                        0.0625,
                        0.375,
                        0.125,
                        0.8125
                    ],
                    "texture": "#0"
                },
                "west": {
                    "uv": [
                        0.3125,
                        5.5625,
                        1.6875,
                        6
                    ],
                    "texture": "#0"
                },
                "up": {
                    "uv": [
                        1.5,
                        4,
                        1.4375,
                        2.625
                    ],
                    "texture": "#0"
                },
                "down": {
                    "uv": [
                        3.375,
                        3.1875,
                        3.3125,
                        4.5625
                    ],
                    "texture": "#0"
                }
            }
        },
        {
            "name": "left_right_inv",
            "from": [
                -0.25,
                11.25,
                -3.25
            ],
            "to": [
                16.25,
                3.75,
                19.25
            ],
            "rotation": {
                "angle": 0,
                "axis": "y",
                "origin": [
                    1,
                    20,
                    8
                ]
            },
            "faces": {
                "east": {
                    "uv": [
                        0.3125,
                        6,
                        1.6875,
                        5.5625
                    ],
                    "texture": "#0"
                },
                "west": {
                    "uv": [
                        5.5,
                        1.6875,
                        6.875,
                        1.25
                    ],
                    "texture": "#0"
                }
            }
        },
        {
            "name": "bottom",
            "from": [
                16.25,
                3.75,
                19.25
            ],
            "to": [
                -0.25,
                7.25,
                -3.25
            ],
            "rotation": {
                "angle": 0,
                "axis": "y",
                "origin": [
                    1,
                    20,
                    8
                ]
            },
            "faces": {
                "north": {
                    "uv": [
                        3.0625,
                        1.75,
                        4.0625,
                        1.9375
                    ],
                    "texture": "#0"
                },
                "south": {
                    "uv": [
                        4.875,
                        1.0625,
                        5.875,
                        1.25
                    ],
                    "texture": "#0"
                },
                "up": {
                    "uv": [
                        2.6875,
                        6.9375,
                        1.6875,
                        5.5625
                    ],
                    "texture": "#0"
                },
                "down": {
                    "uv": [
                        1,
                        6,
                        0,
                        7.375
                    ],
                    "texture": "#0"
                }
            }
        },
        {
            "name": "bottom_inv",
            "from": [
                -0.25,
                7.25,
                -3.25
            ],
            "to": [
                16.25,
                3.75,
                19.25
            ],
            "rotation": {
                "angle": 0,
                "axis": "y",
                "origin": [
                    1,
                    20,
                    8
                ]
            },
            "faces": {
                "north": {
                    "uv": [
                        4.875,
                        1.25,
                        5.875,
                        1.0625
                    ],
                    "texture": "#0"
                },
                "south": {
                    "uv": [
                        3.0625,
                        1.9375,
                        4.0625,
                        1.75
                    ],
                    "texture": "#0"
                }
            }
        },
        {
            "name": "eye_lens",
            "from": [
                11,
                12,
                -2.3999999999999986
            ],
            "to": [
                5,
                18,
                -2.5
            ],
            "rotation": {
                "angle": 0,
                "axis": "y",
                "origin": [
                    8,
                    19,
                    8
                ]
            },
            "faces": {
                "south": {
                    "uv": [
                        1.25,
                        1.125,
                        1.625,
                        1.5
                    ],
                    "texture": "#0"
                }
            }
        },
        {
            "name": "horizontal",
            "from": [
                13,
                9,
                -2
            ],
            "to": [
                3,
                19,
                -3
            ],
            "rotation": {
                "angle": 0,
                "axis": "y",
                "origin": [
                    8,
                    19,
                    8
                ]
            },
            "faces": {
                "up": {
                    "uv": [
                        0.75,
                        0.25,
                        0.125,
                        0.1875
                    ],
                    "texture": "#0"
                },
                "down": {
                    "uv": [
                        0.75,
                        0.3125,
                        0.125,
                        0.375
                    ],
                    "texture": "#0"
                }
            }
        },
        {
            "name": "vertical",
            "from": [
                13,
                8,
                -2
            ],
            "to": [
                3,
                20,
                -3
            ],
            "rotation": {
                "angle": 0,
                "axis": "y",
                "origin": [
                    8,
                    19,
                    8
                ]
            },
            "faces": {
                "south": {
                    "uv": [
                        0,
                        2.75,
                        0.625,
                        3.5
                    ],
                    "texture": "#0"
                },
                "up": {
                    "uv": [
                        0.6875,
                        3.75,
                        0.0625,
                        3.6875
                    ],
                    "texture": "#0"
                },
                "down": {
                    "uv": [
                        0.6875,
                        3.75,
                        0.0625,
                        3.8125
                    ],
                    "texture": "#0"
                }
            }
        },
        {
            "name": "fill",
            "from": [
                5,
                18,
                -3
            ],
            "to": [
                11,
                12,
                -2
            ],
            "rotation": {
                "angle": 0,
                "axis": "y",
                "origin": [
                    8,
                    0,
                    8
                ]
            },
            "faces": {
                "east": {
                    "uv": [
                        0,
                        0,
                        0.0625,
                        0.375
                    ],
                    "texture": "#0"
                },
                "west": {
                    "uv": [
                        0.0625,
                        0,
                        0.125,
                        0.375
                    ],
                    "texture": "#0"
                },
                "up": {
                    "uv": [
                        0.5625,
                        0.1875,
                        0.1875,
                        0.125
                    ],
                    "texture": "#0"
                },
                "down": {
                    "uv": [
                        0.5625,
                        0.25,
                        0.1875,
                        0.3125
                    ],
                    "texture": "#0"
                }
            }
        },
        {
            "name": "fill_diagonal",
            "from": [
                4.5,
                18.5,
                -2.9989999999999988
            ],
            "to": [
                11.5,
                11.5,
                -1.9892000000000003
            ],
            "rotation": {
                "angle": -45,
                "axis": "z",
                "origin": [
                    8,
                    15,
                    -2.5
                ]
            },
            "faces": {
                "east": {
                    "uv": [
                        0,
                        0,
                        0.0625,
                        0.375
                    ],
                    "texture": "#0"
                },
                "west": {
                    "uv": [
                        0.0625,
                        0,
                        0.125,
                        0.375
                    ],
                    "texture": "#0"
                },
                "up": {
                    "uv": [
                        0.5625,
                        0.1875,
                        0.1875,
                        0.125
                    ],
                    "texture": "#0"
                },
                "down": {
                    "uv": [
                        0.5625,
                        0.25,
                        0.1875,
                        0.3125
                    ],
                    "texture": "#0"
                }
            }
        },
        {
            "name": "fill_diagonal2",
            "from": [
                13.825,
                9.175,
                -1.9989999999999988
            ],
            "to": [
                2.1750000000000007,
                20.825,
                -2.997
            ],
            "rotation": {
                "angle": -45,
                "axis": "z",
                "origin": [
                    8,
                    15,
                    -2.4940999999999995
                ]
            },
            "faces": {
                "south": {
                    "uv": [
                        2.25,
                        0.75,
                        2.875,
                        1.375
                    ],
                    "texture": "#0"
                }
            }
        },
        {
            "name": "fill_side",
            "from": [
                3,
                9.001,
                -1.5
            ],
            "to": [
                2,
                18.999,
                -2.5
            ],
            "rotation": {
                "angle": 45,
                "axis": "y",
                "origin": [
                    2.5,
                    13,
                    -2.5
                ],
                "rescale": true
            },
            "faces": {
                "south": {
                    "uv": [
                        2.875,
                        0,
                        2.9375,
                        0.625
                    ],
                    "texture": "#0"
                },
                "up": {
                    "uv": [
                        1,
                        1.9375,
                        0.9375,
                        1.875
                    ],
                    "texture": "#0"
                },
                "down": {
                    "uv": [
                        2,
                        0.375,
                        1.9375,
                        0.4375
                    ],
                    "texture": "#0"
                }
            }
        },
        {
            "name": "fill_side",
            "from": [
                4,
                8.001,
                -1.5
            ],
            "to": [
                3,
                19.999,
                -2.5
            ],
            "rotation": {
                "angle": 45,
                "axis": "y",
                "origin": [
                    3.5,
                    13,
                    -2.5
                ],
                "rescale": true
            },
            "faces": {
                "south": {
                    "uv": [
                        2.625,
                        2.375,
                        2.6875,
                        3.125
                    ],
                    "texture": "#0"
                },
                "up": {
                    "uv": [
                        2,
                        0.5,
                        1.9375,
                        0.4375
                    ],
                    "texture": "#0"
                },
                "down": {
                    "uv": [
                        1,
                        1.9375,
                        0.9375,
                        2
                    ],
                    "texture": "#0"
                }
            }
        },
        {
            "name": "fill_side",
            "from": [
                13,
                8.001,
                -1.5
            ],
            "to": [
                12,
                19.999,
                -2.5
            ],
            "rotation": {
                "angle": -45,
                "axis": "y",
                "origin": [
                    12.5,
                    13,
                    -2.5
                ],
                "rescale": true
            },
            "faces": {
                "south": {
                    "uv": [
                        2.6875,
                        2.375,
                        2.75,
                        3.125
                    ],
                    "texture": "#0"
                },
                "up": {
                    "uv": [
                        2.5625,
                        0.0625,
                        2.5,
                        0
                    ],
                    "texture": "#0"
                },
                "down": {
                    "uv": [
                        2.5625,
                        0.0625,
                        2.5,
                        0.125
                    ],
                    "texture": "#0"
                }
            }
        },
        {
            "name": "fill_side",
            "from": [
                14,
                9.001,
                -1.5
            ],
            "to": [
                13,
                18.999,
                -2.5
            ],
            "rotation": {
                "angle": -45,
                "axis": "y",
                "origin": [
                    13.5,
                    13,
                    -2.5
                ],
                "rescale": true
            },
            "faces": {
                "south": {
                    "uv": [
                        2.9375,
                        0,
                        3,
                        0.625
                    ],
                    "texture": "#0"
                },
                "up": {
                    "uv": [
                        2.625,
                        0.125,
                        2.5625,
                        0.0625
                    ],
                    "texture": "#0"
                },
                "down": {
                    "uv": [
                        1.9375,
                        2.5625,
                        1.875,
                        2.625
                    ],
                    "texture": "#0"
                }
            }
        },
        {
            "name": "fill_side",
            "from": [
                13,
                8.001,
                18.5
            ],
            "to": [
                12,
                19.999,
                17.5
            ],
            "rotation": {
                "angle": 45,
                "axis": "y",
                "origin": [
                    12.5,
                    13,
                    18.5
                ],
                "rescale": true
            },
            "faces": {
                "north": {
                    "uv": [
                        2.75,
                        0,
                        2.8125,
                        0.75
                    ],
                    "texture": "#0"
                },
                "up": {
                    "uv": [
                        2.5625,
                        2.125,
                        2.5,
                        2.0625
                    ],
                    "texture": "#0"
                },
                "down": {
                    "uv": [
                        2.625,
                        0,
                        2.5625,
                        0.0625
                    ],
                    "texture": "#0"
                }
            }
        },
        {
            "name": "fill_side",
            "from": [
                14,
                9.001,
                18.5
            ],
            "to": [
                13,
                18.999,
                17.5
            ],
            "rotation": {
                "angle": 45,
                "axis": "y",
                "origin": [
                    13.5,
                    13,
                    18.5
                ],
                "rescale": true
            },
            "faces": {
                "north": {
                    "uv": [
                        3,
                        0.125,
                        3.0625,
                        0.75
                    ],
                    "texture": "#0"
                },
                "up": {
                    "uv": [
                        2,
                        2.625,
                        1.9375,
                        2.5625
                    ],
                    "texture": "#0"
                },
                "down": {
                    "uv": [
                        2.625,
                        2.0625,
                        2.5625,
                        2.125
                    ],
                    "texture": "#0"
                }
            }
        },
        {
            "name": "fill_side",
            "from": [
                3,
                9.001,
                18.5
            ],
            "to": [
                2,
                18.999,
                17.5
            ],
            "rotation": {
                "angle": -45,
                "axis": "y",
                "origin": [
                    2.5,
                    13,
                    18.5
                ],
                "rescale": true
            },
            "faces": {
                "north": {
                    "uv": [
                        3.0625,
                        0.125,
                        3.125,
                        0.75
                    ],
                    "texture": "#0"
                },
                "up": {
                    "uv": [
                        1,
                        2.6875,
                        0.9375,
                        2.625
                    ],
                    "texture": "#0"
                },
                "down": {
                    "uv": [
                        2.6875,
                        2.0625,
                        2.625,
                        2.125
                    ],
                    "texture": "#0"
                }
            }
        },
        {
            "name": "fill_side",
            "from": [
                4,
                8.001,
                18.5
            ],
            "to": [
                3,
                19.999,
                17.5
            ],
            "rotation": {
                "angle": -45,
                "axis": "y",
                "origin": [
                    3.5,
                    13,
                    18.5
                ],
                "rescale": true
            },
            "faces": {
                "north": {
                    "uv": [
                        1.375,
                        2.75,
                        1.4375,
                        3.5
                    ],
                    "texture": "#0"
                },
                "up": {
                    "uv": [
                        1,
                        2.75,
                        0.9375,
                        2.6875
                    ],
                    "texture": "#0"
                },
                "down": {
                    "uv": [
                        2.75,
                        2,
                        2.6875,
                        2.0625
                    ],
                    "texture": "#0"
                }
            }
        },
        {
            "name": "fill_top_bottom",
            "from": [
                13,
                9,
                19
            ],
            "to": [
                3,
                19,
                18
            ],
            "rotation": {
                "angle": 0,
                "axis": "y",
                "origin": [
                    8,
                    19,
                    8
                ]
            },
            "faces": {
                "up": {
                    "uv": [
                        1.875,
                        2.5625,
                        1.25,
                        2.5
                    ],
                    "texture": "#0"
                },
                "down": {
                    "uv": [
                        1.875,
                        2.5625,
                        1.25,
                        2.625
                    ],
                    "texture": "#0"
                }
            }
        },
        {
            "from": [
                7,
                21,
                20
            ],
            "to": [
                2,
                22,
                -4
            ],
            "rotation": {
                "angle": 0,
                "axis": "y",
                "origin": [
                    7,
                    21,
                    8
                ]
            },
            "faces": {
                "north": {
                    "uv": [
                        1.8125,
                        0.4375,
                        2.125,
                        0.5
                    ],
                    "texture": "#2"
                },
                "south": {
                    "uv": [
                        1.8125,
                        0.5,
                        2.125,
                        0.5625
                    ],
                    "texture": "#2"
                },
                "west": {
                    "uv": [
                        0,
                        3.125,
                        1.5,
                        3.1875
                    ],
                    "texture": "#2"
                },
                "up": {
                    "uv": [
                        2.4375,
                        1.625,
                        2.125,
                        0.125
                    ],
                    "texture": "#2"
                },
                "down": {
                    "uv": [
                        2.75,
                        0.125,
                        2.4375,
                        1.625
                    ],
                    "texture": "#2"
                }
            }
        },
        {
            "from": [
                1,
                14,
                20
            ],
            "to": [
                0,
                20,
                -4
            ],
            "rotation": {
                "angle": 0,
                "axis": "y",
                "origin": [
                    1,
                    20,
                    8
                ]
            },
            "faces": {
                "north": {
                    "uv": [
                        0.8125,
                        2.625,
                        0.875,
                        3
                    ],
                    "texture": "#2"
                },
                "east": {
                    "uv": [
                        0.625,
                        0.5625,
                        2.125,
                        0.9375
                    ],
                    "texture": "#2"
                },
                "south": {
                    "uv": [
                        0.875,
                        2.625,
                        0.9375,
                        3
                    ],
                    "texture": "#2"
                },
                "west": {
                    "uv": [
                        0.625,
                        0.9375,
                        2.125,
                        1.3125
                    ],
                    "texture": "#2"
                },
                "down": {
                    "uv": [
                        2.1875,
                        3.625,
                        2.125,
                        5.125
                    ],
                    "texture": "#2"
                }
            }
        },
        {
            "from": [
                1.7500099999999996,
                20.5,
                19.999
            ],
            "to": [
                1.0000099999999996,
                22.5,
                -3.9989999999999988
            ],
            "rotation": {
                "angle": -45,
                "axis": "z",
                "origin": [
                    0.5000099999999996,
                    21.5,
                    7.9990000000000006
                ],
                "rescale": true
            },
            "faces": {
                "north": {
                    "uv": [
                        2.875,
                        1.9375,
                        2.9375,
                        2.0625
                    ],
                    "texture": "#2"
                },
                "east": {
                    "uv": [
                        0.625,
                        0.125,
                        2.125,
                        0.25
                    ],
                    "texture": "#2"
                },
                "south": {
                    "uv": [
                        2.875,
                        2.0625,
                        2.9375,
                        2.1875
                    ],
                    "texture": "#2"
                },
                "west": {
                    "uv": [
                        0.625,
                        0.25,
                        2.125,
                        0.375
                    ],
                    "texture": "#2"
                }
            }
        },
        {
            "name": "connector",
            "from": [
                6,
                18,
                17
            ],
            "to": [
                1,
                21,
                -1
            ],
            "rotation": {
                "angle": 0,
                "axis": "y",
                "origin": [
                    3,
                    17.5,
                    8
                ]
            },
            "faces": {
                "north": {
                    "uv": [
                        1.25,
                        1.5,
                        1.5625,
                        1.6875
                    ],
                    "texture": "#0"
                },
                "south": {
                    "uv": [
                        1.625,
                        0.375,
                        1.9375,
                        0.5625
                    ],
                    "texture": "#0"
                },
                "west": {
                    "uv": [
                        1.9375,
                        1.625,
                        3.0625,
                        1.8125
                    ],
                    "texture": "#0"
                },
                "down": {
                    "uv": [
                        1.9375,
                        0.875,
                        1.625,
                        2
                    ],
                    "texture": "#0"
                }
            }
        },
        {
            "from": [
                15,
                20.5,
                19.999
            ],
            "to": [
                14.25,
                22.5,
                -3.9989999999999988
            ],
            "rotation": {
                "angle": 45,
                "axis": "z",
                "origin": [
                    15.5,
                    21.5,
                    8
                ],
                "rescale": true
            },
            "faces": {
                "north": {
                    "uv": [
                        2.875,
                        2.1875,
                        2.9375,
                        2.3125
                    ],
                    "texture": "#2"
                },
                "east": {
                    "uv": [
                        0,
                        3,
                        1.5,
                        3.125
                    ],
                    "texture": "#2"
                },
                "south": {
                    "uv": [
                        2.875,
                        2.3125,
                        2.9375,
                        2.4375
                    ],
                    "texture": "#2"
                },
                "west": {
                    "uv": [
                        1.5,
                        3,
                        3,
                        3.125
                    ],
                    "texture": "#2"
                }
            }
        },
        {
            "from": [
                16,
                14,
                20
            ],
            "to": [
                15,
                20,
                -4
            ],
            "rotation": {
                "angle": 0,
                "axis": "y",
                "origin": [
                    16,
                    20,
                    8
                ]
            },
            "faces": {
                "north": {
                    "uv": [
                        0.9375,
                        2.625,
                        1,
                        3
                    ],
                    "texture": "#2"
                },
                "east": {
                    "uv": [
                        0.625,
                        1.3125,
                        2.125,
                        1.6875
                    ],
                    "texture": "#2"
                },
                "south": {
                    "uv": [
                        2.875,
                        0.125,
                        2.9375,
                        0.5
                    ],
                    "texture": "#2"
                },
                "west": {
                    "uv": [
                        1.5,
                        2.625,
                        3,
                        3
                    ],
                    "texture": "#2"
                },
                "down": {
                    "uv": [
                        2.25,
                        3.625,
                        2.1875,
                        5.125
                    ],
                    "texture": "#2"
                }
            }
        },
        {
            "from": [
                14,
                21,
                20
            ],
            "to": [
                9,
                22,
                -4
            ],
            "rotation": {
                "angle": 0,
                "axis": "y",
                "origin": [
                    9,
                    21,
                    8
                ]
            },
            "faces": {
                "north": {
                    "uv": [
                        2.6875,
                        3.625,
                        3,
                        3.6875
                    ],
                    "texture": "#2"
                },
                "east": {
                    "uv": [
                        0,
                        3.1875,
                        1.5,
                        3.25
                    ],
                    "texture": "#2"
                },
                "south": {
                    "uv": [
                        2.6875,
                        3.6875,
                        3,
                        3.75
                    ],
                    "texture": "#2"
                },
                "up": {
                    "uv": [
                        0.3125,
                        5.125,
                        0,
                        3.625
                    ],
                    "texture": "#2"
                },
                "down": {
                    "uv": [
                        0.625,
                        3.625,
                        0.3125,
                        5.125
                    ],
                    "texture": "#2"
                }
            }
        },
        {
            "name": "connector",
            "from": [
                15,
                18,
                17
            ],
            "to": [
                10,
                21,
                -1
            ],
            "rotation": {
                "angle": 0,
                "axis": "y",
                "origin": [
                    10,
                    17.5,
                    8
                ]
            },
            "faces": {
                "north": {
                    "uv": [
                        0.625,
                        1.6875,
                        0.9375,
                        1.875
                    ],
                    "texture": "#0"
                },
                "east": {
                    "uv": [
                        1.9375,
                        1.8125,
                        3.0625,
                        2
                    ],
                    "texture": "#0"
                },
                "south": {
                    "uv": [
                        0.9375,
                        1.6875,
                        1.25,
                        1.875
                    ],
                    "texture": "#0"
                },
                "down": {
                    "uv": [
                        2.25,
                        0.5,
                        1.9375,
                        1.625
                    ],
                    "texture": "#0"
                }
            }
        },
        {
            "from": [
                1,
                8,
                4
            ],
            "to": [
                0,
                11,
                -3
            ],
            "rotation": {
                "angle": 0,
                "axis": "y",
                "origin": [
                    1,
                    11,
                    8
                ]
            },
            "faces": {
                "north": {
                    "uv": [
                        0.4375,
                        1.875,
                        0.5,
                        2.0625
                    ],
                    "texture": "#2"
                },
                "east": {
                    "uv": [
                        1.375,
                        1.6875,
                        1.8125,
                        1.875
                    ],
                    "texture": "#2"
                },
                "south": {
                    "uv": [
                        0.5,
                        1.875,
                        0.5625,
                        2.0625
                    ],
                    "texture": "#2"
                },
                "west": {
                    "uv": [
                        1.8125,
                        1.6875,
                        2.25,
                        1.875
                    ],
                    "texture": "#2"
                },
                "up": {
                    "uv": [
                        2.8125,
                        0.5625,
                        2.75,
                        0.125
                    ],
                    "texture": "#2"
                }
            }
        },
        {
            "from": [
                16,
                8,
                4
            ],
            "to": [
                15,
                11,
                -3
            ],
            "rotation": {
                "angle": 0,
                "axis": "y",
                "origin": [
                    16,
                    11,
                    8
                ]
            },
            "faces": {
                "north": {
                    "uv": [
                        0.5625,
                        1.875,
                        0.625,
                        2.0625
                    ],
                    "texture": "#2"
                },
                "east": {
                    "uv": [
                        0,
                        1.875,
                        0.4375,
                        2.0625
                    ],
                    "texture": "#2"
                },
                "south": {
                    "uv": [
                        1.8125,
                        1.875,
                        1.875,
                        2.0625
                    ],
                    "texture": "#2"
                },
                "west": {
                    "uv": [
                        1.375,
                        1.875,
                        1.8125,
                        2.0625
                    ],
                    "texture": "#2"
                },
                "up": {
                    "uv": [
                        2.8125,
                        1,
                        2.75,
                        0.5625
                    ],
                    "texture": "#2"
                }
            }
        },
        {
            "from": [
                14,
                6,
                4
            ],
            "to": [
                2,
                7,
                -3
            ],
            "rotation": {
                "angle": 0,
                "axis": "y",
                "origin": [
                    8,
                    6.5,
                    8
                ]
            },
            "faces": {
                "north": {
                    "uv": [
                        2.25,
                        3.8125,
                        3,
                        3.875
                    ],
                    "texture": "#2"
                },
                "south": {
                    "uv": [
                        3.875,
                        2.5625,
                        4.625,
                        2.625
                    ],
                    "texture": "#2"
                },
                "up": {
                    "uv": [
                        1.375,
                        2.125,
                        0.625,
                        1.6875
                    ],
                    "texture": "#2"
                },
                "down": {
                    "uv": [
                        1.375,
                        3.625,
                        0.625,
                        4.0625
                    ],
                    "texture": "#2"
                }
            }
        },
        {
            "from": [
                15,
                5.5,
                3.9990000000000006
            ],
            "to": [
                14.25,
                7.5,
                -2.9989999999999988
            ],
            "rotation": {
                "angle": -45,
                "axis": "z",
                "origin": [
                    15.5,
                    6.5,
                    8
                ],
                "rescale": true
            },
            "faces": {
                "north": {
                    "uv": [
                        0.875,
                        2.125,
                        0.9375,
                        2.25
                    ],
                    "texture": "#2"
                },
                "east": {
                    "uv": [
                        0.9375,
                        0.4375,
                        1.375,
                        0.5625
                    ],
                    "texture": "#2"
                },
                "south": {
                    "uv": [
                        0.9375,
                        2.125,
                        1,
                        2.25
                    ],
                    "texture": "#2"
                },
                "west": {
                    "uv": [
                        1.375,
                        0.4375,
                        1.8125,
                        0.5625
                    ],
                    "texture": "#2"
                }
            }
        },
        {
            "from": [
                1.75,
                5.5,
                3.9990000000000006
            ],
            "to": [
                1,
                7.5,
                -2.9989999999999988
            ],
            "rotation": {
                "angle": 45,
                "axis": "z",
                "origin": [
                    0.5,
                    6.5,
                    8
                ],
                "rescale": true
            },
            "faces": {
                "north": {
                    "uv": [
                        1,
                        2.125,
                        1.0625,
                        2.25
                    ],
                    "texture": "#2"
                },
                "east": {
                    "uv": [
                        0.4375,
                        2.125,
                        0.875,
                        2.25
                    ],
                    "texture": "#2"
                },
                "south": {
                    "uv": [
                        1.0625,
                        2.125,
                        1.125,
                        2.25
                    ],
                    "texture": "#2"
                },
                "west": {
                    "uv": [
                        3.875,
                        1.9375,
                        4.3125,
                        2.0625
                    ],
                    "texture": "#2"
                }
            }
        },
        {
            "from": [
                11,
                7,
                2
            ],
            "to": [
                5,
                8,
                0
            ],
            "rotation": {
                "angle": 0,
                "axis": "y",
                "origin": [
                    8,
                    7.5,
                    8
                ]
            },
            "faces": {
                "north": {
                    "uv": [
                        1.375,
                        2.0625,
                        1.75,
                        2.125
                    ],
                    "texture": "#2"
                },
                "east": {
                    "uv": [
                        1.875,
                        1.875,
                        2,
                        1.9375
                    ],
                    "texture": "#2"
                },
                "south": {
                    "uv": [
                        2.25,
                        1.8125,
                        2.625,
                        1.875
                    ],
                    "texture": "#2"
                },
                "west": {
                    "uv": [
                        1.875,
                        1.9375,
                        2,
                        2
                    ],
                    "texture": "#2"
                }
            }
        },
        {
            "from": [
                16,
                8,
                19
            ],
            "to": [
                15,
                11,
                12
            ],
            "rotation": {
                "angle": 0,
                "axis": "y",
                "origin": [
                    16,
                    11,
                    8
                ]
            },
            "faces": {
                "north": {
                    "uv": [
                        2.6875,
                        1.625,
                        2.75,
                        1.8125
                    ],
                    "texture": "#2"
                },
                "east": {
                    "uv": [
                        0,
                        2.0625,
                        0.4375,
                        2.25
                    ],
                    "texture": "#2"
                },
                "south": {
                    "uv": [
                        2.875,
                        0.5,
                        2.9375,
                        0.6875
                    ],
                    "texture": "#2"
                },
                "west": {
                    "uv": [
                        2.25,
                        1.625,
                        2.6875,
                        1.8125
                    ],
                    "texture": "#2"
                },
                "up": {
                    "uv": [
                        2.875,
                        0.5625,
                        2.8125,
                        0.125
                    ],
                    "texture": "#2"
                }
            }
        },
        {
            "from": [
                1,
                8,
                19
            ],
            "to": [
                0,
                11,
                12
            ],
            "rotation": {
                "angle": 0,
                "axis": "y",
                "origin": [
                    1,
                    11,
                    8
                ]
            },
            "faces": {
                "north": {
                    "uv": [
                        2.875,
                        0.6875,
                        2.9375,
                        0.875
                    ],
                    "texture": "#2"
                },
                "east": {
                    "uv": [
                        0.375,
                        2.75,
                        0.8125,
                        2.9375
                    ],
                    "texture": "#2"
                },
                "south": {
                    "uv": [
                        2.875,
                        1.75,
                        2.9375,
                        1.9375
                    ],
                    "texture": "#2"
                },
                "west": {
                    "uv": [
                        2.25,
                        3.625,
                        2.6875,
                        3.8125
                    ],
                    "texture": "#2"
                },
                "up": {
                    "uv": [
                        2.875,
                        1,
                        2.8125,
                        0.5625
                    ],
                    "texture": "#2"
                }
            }
        },
        {
            "from": [
                14,
                6,
                19
            ],
            "to": [
                2,
                7,
                12
            ],
            "rotation": {
                "angle": 0,
                "axis": "y",
                "origin": [
                    8,
                    6.5,
                    8
                ]
            },
            "faces": {
                "north": {
                    "uv": [
                        3.875,
                        2.625,
                        4.625,
                        2.6875
                    ],
                    "texture": "#2"
                },
                "south": {
                    "uv": [
                        3.875,
                        2.6875,
                        4.625,
                        2.75
                    ],
                    "texture": "#2"
                },
                "up": {
                    "uv": [
                        2.125,
                        4.0625,
                        1.375,
                        3.625
                    ],
                    "texture": "#2"
                },
                "down": {
                    "uv": [
                        4.625,
                        1.5,
                        3.875,
                        1.9375
                    ],
                    "texture": "#2"
                }
            }
        },
        {
            "from": [
                11,
                7,
                16
            ],
            "to": [
                5,
                8,
                14
            ],
            "rotation": {
                "angle": 0,
                "axis": "y",
                "origin": [
                    8,
                    7.5,
                    8
                ]
            },
            "faces": {
                "north": {
                    "uv": [
                        0.375,
                        2.9375,
                        0.75,
                        3
                    ],
                    "texture": "#2"
                },
                "east": {
                    "uv": [
                        0.4375,
                        2.0625,
                        0.5625,
                        2.125
                    ],
                    "texture": "#2"
                },
                "south": {
                    "uv": [
                        3.875,
                        2.75,
                        4.25,
                        2.8125
                    ],
                    "texture": "#2"
                },
                "west": {
                    "uv": [
                        1.75,
                        2.0625,
                        1.875,
                        2.125
                    ],
                    "texture": "#2"
                }
            }
        },
        {
            "from": [
                1.75,
                5.5,
                18.999
            ],
            "to": [
                1,
                7.5,
                12.001
            ],
            "rotation": {
                "angle": 45,
                "axis": "z",
                "origin": [
                    0.5,
                    6.5,
                    23
                ],
                "rescale": true
            },
            "faces": {
                "north": {
                    "uv": [
                        1.75,
                        2.25,
                        1.8125,
                        2.375
                    ],
                    "texture": "#2"
                },
                "east": {
                    "uv": [
                        3.875,
                        2.0625,
                        4.3125,
                        2.1875
                    ],
                    "texture": "#2"
                },
                "south": {
                    "uv": [
                        1.8125,
                        2.25,
                        1.875,
                        2.375
                    ],
                    "texture": "#2"
                },
                "west": {
                    "uv": [
                        3.875,
                        2.1875,
                        4.3125,
                        2.3125
                    ],
                    "texture": "#2"
                }
            }
        },
        {
            "from": [
                15,
                5.5,
                18.999
            ],
            "to": [
                14.25,
                7.5,
                12.001
            ],
            "rotation": {
                "angle": -45,
                "axis": "z",
                "origin": [
                    15.5,
                    6.5,
                    23
                ],
                "rescale": true
            },
            "faces": {
                "north": {
                    "uv": [
                        0.75,
                        2.625,
                        0.8125,
                        2.75
                    ],
                    "texture": "#2"
                },
                "east": {
                    "uv": [
                        3.875,
                        2.3125,
                        4.3125,
                        2.4375
                    ],
                    "texture": "#2"
                },
                "south": {
                    "uv": [
                        2.875,
                        0.875,
                        2.9375,
                        1
                    ],
                    "texture": "#2"
                },
                "west": {
                    "uv": [
                        3.875,
                        2.4375,
                        4.3125,
                        2.5625
                    ],
                    "texture": "#2"
                }
            }
        }
    ]
}