{
    "credit": "Generated by UwU_Snek's silly little Python script",
    "gui_light": "side",
    "textures": {
        "0": "shadow_night:item/mob/overgrown_spider/head",
        "1": "shadow_night:item/mob/overgrown_spider/leg",
        "2": "shadow_night:item/mob/overgrown_spider/armor",
        "particle": "shadow_night:item/mob/overgrown_spider/head"
    },
    "elements": [
        {
            "from": [
                5.9238800000000005,
                -1.1173199999999994,
                6
            ],
            "to": [
                6.9238800000000005,
                9.88268,
                10
            ],
            "rotation": {
                "angle": -22.5,
                "axis": "z",
                "origin": [
                    4.9238800000000005,
                    2.8826800000000006,
                    8
                ]
            },
            "faces": {
                "north": {
                    "uv": [
                        3.75,
                        2.875,
                        3.875,
                        4.25
                    ],
                    "texture": "#1"
                },
                "east": {
                    "uv": [
                        3.25,
                        2.375,
                        3.75,
                        3.75
                    ],
                    "texture": "#1"
                },
                "south": {
                    "uv": [
                        0.875,
                        4.75,
                        1,
                        6.125
                    ],
                    "texture": "#1"
                },
                "west": {
                    "uv": [
                        3.75,
                        0,
                        4.25,
                        1.375
                    ],
                    "texture": "#1"
                },
                "up": {
                    "uv": [
                        1,
                        0.875,
                        0.875,
                        0.375
                    ],
                    "texture": "#1"
                },
                "down": {
                    "uv": [
                        1.375,
                        1.5,
                        1.25,
                        2
                    ],
                    "texture": "#1"
                }
            }
        },
        {
            "from": [
                3.937620000000001,
                -1.8487999999999998,
                6.001
            ],
            "to": [
                5.23762,
                -0.8488000000000007,
                6.999
            ],
            "rotation": {
                "angle": 22.5,
                "axis": "z",
                "origin": [
                    4.587619999999999,
                    -1.8487999999999998,
                    6.5
                ],
                "rescale": true
            },
            "faces": {
                "north": {
                    "uv": [
                        0.625,
                        0.25,
                        0.75,
                        0.375
                    ],
                    "texture": "#1"
                },
                "south": {
                    "uv": [
                        0.875,
                        0.875,
                        1,
                        1
                    ],
                    "texture": "#1"
                },
                "down": {
                    "uv": [
                        1.625,
                        1.5,
                        1.5,
                        1.625
                    ],
                    "texture": "#1"
                }
            }
        },
        {
            "from": [
                3.937620000000001,
                -1.8487999999999998,
                9.001
            ],
            "to": [
                5.23762,
                -0.8488000000000007,
                9.999
            ],
            "rotation": {
                "angle": 22.5,
                "axis": "z",
                "origin": [
                    4.587619999999999,
                    -1.8487999999999998,
                    6.5
                ],
                "rescale": true
            },
            "faces": {
                "north": {
                    "uv": [
                        0.5,
                        0.375,
                        0.625,
                        0.5
                    ],
                    "texture": "#1"
                },
                "south": {
                    "uv": [
                        0.5,
                        0.5,
                        0.625,
                        0.625
                    ],
                    "texture": "#1"
                },
                "down": {
                    "uv": [
                        0.75,
                        0.125,
                        0.625,
                        0.25
                    ],
                    "texture": "#1"
                }
            }
        },
        {
            "from": [
                3.9238800000000005,
                -2.1173200000000003,
                6
            ],
            "to": [
                5.9238800000000005,
                9.88268,
                7
            ],
            "rotation": {
                "angle": -22.5,
                "axis": "z",
                "origin": [
                    4.9238800000000005,
                    2.8826800000000006,
                    8
                ]
            },
            "faces": {
                "north": {
                    "uv": [
                        4.5,
                        3.75,
                        4.75,
                        5.25
                    ],
                    "texture": "#1"
                },
                "south": {
                    "uv": [
                        0,
                        4.75,
                        0.25,
                        6.25
                    ],
                    "texture": "#1"
                },
                "down": {
                    "uv": [
                        1.75,
                        1.625,
                        1.5,
                        1.75
                    ],
                    "texture": "#1"
                }
            }
        },
        {
            "from": [
                2.9238800000000005,
                -2.1173200000000003,
                6
            ],
            "to": [
                3.9238800000000005,
                9.88268,
                10
            ],
            "rotation": {
                "angle": -22.5,
                "axis": "z",
                "origin": [
                    4.9238800000000005,
                    2.8826800000000006,
                    8
                ]
            },
            "faces": {
                "north": {
                    "uv": [
                        2.375,
                        2.125,
                        2.5,
                        3.625
                    ],
                    "texture": "#1"
                },
                "east": {
                    "uv": [
                        1.5,
                        2.75,
                        2,
                        4.25
                    ],
                    "texture": "#1"
                },
                "south": {
                    "uv": [
                        3.75,
                        1.375,
                        3.875,
                        2.875
                    ],
                    "texture": "#1"
                },
                "west": {
                    "uv": [
                        3.25,
                        0.875,
                        3.75,
                        2.375
                    ],
                    "texture": "#1"
                },
                "down": {
                    "uv": [
                        1.5,
                        1.5,
                        1.375,
                        2
                    ],
                    "texture": "#1"
                }
            }
        },
        {
            "from": [
                3.9238800000000005,
                -2.1173200000000003,
                9
            ],
            "to": [
                5.9238800000000005,
                9.88268,
                10
            ],
            "rotation": {
                "angle": -22.5,
                "axis": "z",
                "origin": [
                    4.9238800000000005,
                    2.8826800000000006,
                    8
                ]
            },
            "faces": {
                "north": {
                    "uv": [
                        0.375,
                        4.75,
                        0.625,
                        6.25
                    ],
                    "texture": "#1"
                },
                "south": {
                    "uv": [
                        0.625,
                        4.75,
                        0.875,
                        6.25
                    ],
                    "texture": "#1"
                },
                "down": {
                    "uv": [
                        1.75,
                        1.75,
                        1.5,
                        1.875
                    ],
                    "texture": "#1"
                }
            }
        }
    ]
}