{
    "credit": "Generated by UwU_Snek's silly little Python script",
    "textures": {
        "0": "shadow_night:item/mob/overgrown_spider/head",
        "1": "shadow_night:item/mob/overgrown_spider/leg",
        "2": "shadow_night:item/mob/overgrown_spider/armor",
        "particle": "shadow_night:item/mob/overgrown_spider/head"
    },
    "elements": [
        {
            "from": [
                1,
                7,
                5
            ],
            "to": [
                11,
                9,
                11
            ],
            "rotation": {
                "angle": 0,
                "axis": "y",
                "origin": [
                    2,
                    8,
                    0
                ]
            },
            "faces": {
                "north": {
                    "uv": [
                        3.25,
                        2.5,
                        4.25,
                        2.75
                    ],
                    "texture": "#1"
                },
                "east": {
                    "uv": [
                        3.5,
                        3,
                        4.25,
                        3.25
                    ],
                    "texture": "#1"
                },
                "south": {
                    "uv": [
                        3.25,
                        2.75,
                        4.25,
                        3
                    ],
                    "texture": "#1"
                },
                "west": {
                    "uv": [
                        3.5,
                        3.25,
                        4.25,
                        3.5
                    ],
                    "texture": "#1"
                },
                "up": {
                    "uv": [
                        3,
                        0.75,
                        2,
                        0
                    ],
                    "texture": "#1"
                },
                "down": {
                    "uv": [
                        3,
                        0.75,
                        2,
                        1.5
                    ],
                    "texture": "#1"
                }
            }
        },
        {
            "from": [
                0,
                9,
                5
            ],
            "to": [
                4,
                10,
                11
            ],
            "rotation": {
                "angle": 0,
                "axis": "y",
                "origin": [
                    2,
                    8,
                    0
                ]
            },
            "faces": {
                "north": {
                    "uv": [
                        3.25,
                        2.5,
                        4.25,
                        2.75
                    ],
                    "texture": "#1"
                },
                "east": {
                    "uv": [
                        3.5,
                        3,
                        4.25,
                        3.25
                    ],
                    "texture": "#1"
                },
                "south": {
                    "uv": [
                        3.25,
                        2.75,
                        4.25,
                        3
                    ],
                    "texture": "#1"
                },
                "west": {
                    "uv": [
                        3.5,
                        3.25,
                        4.25,
                        3.5
                    ],
                    "texture": "#1"
                },
                "up": {
                    "uv": [
                        3,
                        0.75,
                        2,
                        0
                    ],
                    "texture": "#1"
                }
            }
        },
        {
            "from": [
                0,
                8,
                5
            ],
            "to": [
                1,
                9,
                11
            ],
            "rotation": {
                "angle": 0,
                "axis": "y",
                "origin": [
                    2,
                    8,
                    0
                ]
            },
            "faces": {
                "north": {
                    "uv": [
                        1.375,
                        4,
                        1.5,
                        4.125
                    ],
                    "texture": "#1"
                },
                "south": {
                    "uv": [
                        4.125,
                        1.75,
                        4.25,
                        1.875
                    ],
                    "texture": "#1"
                },
                "west": {
                    "uv": [
                        3.75,
                        0.25,
                        4.5,
                        0.375
                    ],
                    "texture": "#1"
                },
                "down": {
                    "uv": [
                        2.75,
                        3.75,
                        2.625,
                        4.5
                    ],
                    "texture": "#1"
                }
            }
        },
        {
            "from": [
                0,
                7.5,
                5.001
            ],
            "to": [
                1,
                8.5,
                10.999
            ],
            "rotation": {
                "angle": 45,
                "axis": "z",
                "origin": [
                    0.5,
                    8.5,
                    8
                ],
                "rescale": true
            },
            "faces": {
                "north": {
                    "uv": [
                        0.375,
                        0.125,
                        0.5,
                        0.25
                    ],
                    "texture": "#1"
                },
                "south": {
                    "uv": [
                        0.375,
                        0.25,
                        0.5,
                        0.375
                    ],
                    "texture": "#1"
                },
                "west": {
                    "uv": [
                        0.375,
                        0,
                        1.125,
                        0.125
                    ],
                    "texture": "#1"
                }
            }
        },
        {
            "from": [
                2,
                9,
                7
            ],
            "to": [
                9,
                10,
                9
            ],
            "rotation": {
                "angle": 0,
                "axis": "y",
                "origin": [
                    2,
                    10,
                    0
                ]
            },
            "faces": {
                "north": {
                    "uv": [
                        3.875,
                        2.375,
                        4.75,
                        2.5
                    ],
                    "texture": "#1"
                },
                "east": {
                    "uv": [
                        3,
                        1.375,
                        3.25,
                        1.5
                    ],
                    "texture": "#1"
                },
                "south": {
                    "uv": [
                        4,
                        3.625,
                        4.875,
                        3.75
                    ],
                    "texture": "#1"
                },
                "up": {
                    "uv": [
                        5,
                        1.75,
                        4.125,
                        1.5
                    ],
                    "texture": "#1"
                }
            }
        }
    ]
}