{
    "credit": "Generated by UwU_Snek's silly little Python script",
    "gui_light": "side",
    "textures": {
        "0": "shadow_night:item/mob/overgrown_spider/head",
        "1": "shadow_night:item/mob/overgrown_spider/leg",
        "2": "shadow_night:item/mob/overgrown_spider/armor",
        "particle": "shadow_night:item/mob/overgrown_spider/head"
    },
    "elements": [
        {
            "from": [
                6.5,
                6,
                10
            ],
            "to": [
                2.5,
                25,
                6
            ],
            "rotation": {
                "angle": 22.5,
                "axis": "z",
                "origin": [
                    3.5,
                    17,
                    8
                ]
            },
            "faces": {
                "north": {
                    "uv": [
                        0.75,
                        1.1875,
                        1,
                        2.375
                    ],
                    "texture": "#1"
                },
                "east": {
                    "uv": [
                        1.1875,
                        0.75,
                        1.4375,
                        1.9375
                    ],
                    "texture": "#1"
                },
                "south": {
                    "uv": [
                        1.4375,
                        0.75,
                        1.6875,
                        1.9375
                    ],
                    "texture": "#1"
                },
                "west": {
                    "uv": [
                        1.6875,
                        0.375,
                        1.9375,
                        1.5625
                    ],
                    "texture": "#1"
                }
            }
        },
        {
            "from": [
                7.5,
                5,
                9
            ],
            "to": [
                6.5,
                17,
                7
            ],
            "rotation": {
                "angle": 22.5,
                "axis": "z",
                "origin": [
                    3.5,
                    17,
                    8
                ]
            },
            "faces": {
                "north": {
                    "uv": [
                        0.6875,
                        2.6875,
                        0.75,
                        3.4375
                    ],
                    "texture": "#1"
                },
                "south": {
                    "uv": [
                        0.75,
                        2.6875,
                        0.8125,
                        3.4375
                    ],
                    "texture": "#1"
                },
                "west": {
                    "uv": [
                        2.5,
                        0.3125,
                        2.625,
                        1.0625
                    ],
                    "texture": "#1"
                }
            }
        },
        {
            "from": [
                6.395530000000001,
                18.48073,
                8.998999999999999
            ],
            "to": [
                5.395530000000001,
                20.48073,
                7.0009999999999994
            ],
            "rotation": {
                "angle": 45,
                "axis": "z",
                "origin": [
                    6.34553,
                    19.28073,
                    7.9990000000000006
                ],
                "rescale": true
            },
            "faces": {
                "north": {
                    "uv": [
                        1.0625,
                        0.875,
                        1.125,
                        1
                    ],
                    "texture": "#1"
                },
                "south": {
                    "uv": [
                        1.5625,
                        1.9375,
                        1.625,
                        2.0625
                    ],
                    "texture": "#1"
                },
                "west": {
                    "uv": [
                        1,
                        1.1875,
                        1.125,
                        1.3125
                    ],
                    "texture": "#1"
                }
            }
        }
    ]
}