{
    "credit": "Generated by UwU_Snek's silly little Python script",
    "gui_light": "side",
    "textures": {
        "0": "shadow_night:item/mob/overgrown_spider/head",
        "1": "shadow_night:item/mob/overgrown_spider/leg",
        "2": "shadow_night:item/mob/overgrown_spider/armor",
        "particle": "shadow_night:item/mob/overgrown_spider/head"
    },
    "elements": [
        {
            "from": [
                4.5,
                5.8,
                6
            ],
            "to": [
                5.5,
                25,
                10
            ],
            "rotation": {
                "angle": 22.5,
                "axis": "z",
                "origin": [
                    3.5,
                    17,
                    8
                ]
            },
            "faces": {
                "north": {
                    "uv": [
                        1.875,
                        0,
                        2,
                        2.375
                    ],
                    "texture": "#1"
                },
                "south": {
                    "uv": [
                        2.25,
                        3.625,
                        2.375,
                        6
                    ],
                    "texture": "#1"
                }
            }
        },
        {
            "from": [
                5.5,
                5.4,
                6
            ],
            "to": [
                6.5,
                25,
                10
            ],
            "rotation": {
                "angle": 22.5,
                "axis": "z",
                "origin": [
                    3.5,
                    17,
                    8
                ]
            },
            "faces": {
                "north": {
                    "uv": [
                        1.625,
                        0,
                        1.75,
                        2.5
                    ],
                    "texture": "#1"
                },
                "east": {
                    "uv": [
                        1.5,
                        4.25,
                        2,
                        6.75
                    ],
                    "texture": "#1"
                },
                "south": {
                    "uv": [
                        1.75,
                        0,
                        1.875,
                        2.5
                    ],
                    "texture": "#1"
                }
            }
        },
        {
            "from": [
                2.5,
                9,
                6
            ],
            "to": [
                4.5,
                25,
                10
            ],
            "rotation": {
                "angle": 22.5,
                "axis": "z",
                "origin": [
                    3.5,
                    17,
                    8
                ]
            },
            "faces": {
                "north": {
                    "uv": [
                        2.375,
                        4.375,
                        2.625,
                        6.375
                    ],
                    "texture": "#1"
                },
                "south": {
                    "uv": [
                        2.625,
                        4.5,
                        2.875,
                        6.5
                    ],
                    "texture": "#1"
                },
                "west": {
                    "uv": [
                        3.75,
                        4.25,
                        4.25,
                        6.25
                    ],
                    "texture": "#1"
                }
            }
        },
        {
            "from": [
                6.5,
                5,
                7
            ],
            "to": [
                7.5,
                18,
                9
            ],
            "rotation": {
                "angle": 22.5,
                "axis": "z",
                "origin": [
                    3.5,
                    17,
                    8
                ]
            },
            "faces": {
                "north": {
                    "uv": [
                        0,
                        4.75,
                        0.125,
                        6.375
                    ],
                    "texture": "#1"
                },
                "east": {
                    "uv": [
                        4.5,
                        3.75,
                        4.75,
                        5.375
                    ],
                    "texture": "#1"
                },
                "south": {
                    "uv": [
                        0.125,
                        4.75,
                        0.25,
                        6.375
                    ],
                    "texture": "#1"
                },
                "up": {
                    "uv": [
                        1.625,
                        2.5,
                        1.5,
                        2.25
                    ],
                    "texture": "#1"
                }
            }
        }
    ]
}