{
    "credit": "Generated by UwU_Snek's silly little Python script",
    "textures": {
        "0": "shadow_night:item/mob/overgrown_spider/head",
        "1": "shadow_night:item/mob/overgrown_spider/leg",
        "2": "shadow_night:item/mob/overgrown_spider/armor",
        "particle": "shadow_night:item/mob/overgrown_spider/head"
    },
    "elements": [
        {
            "from": [
                2.9238800000000005,
                -0.11731999999999942,
                6
            ],
            "to": [
                6.9238800000000005,
                9.88268,
                10
            ],
            "rotation": {
                "angle": -22.5,
                "axis": "z",
                "origin": [
                    4.9238800000000005,
                    2.8826800000000006,
                    8
                ]
            },
            "faces": {
                "north": {
                    "uv": [
                        2,
                        1.5,
                        2.5,
                        2.75
                    ],
                    "texture": "#1"
                },
                "east": {
                    "uv": [
                        0,
                        2.25,
                        0.5,
                        3.5
                    ],
                    "texture": "#1"
                },
                "south": {
                    "uv": [
                        0.5,
                        2.25,
                        1,
                        3.5
                    ],
                    "texture": "#1"
                },
                "west": {
                    "uv": [
                        1,
                        2.25,
                        1.5,
                        3.5
                    ],
                    "texture": "#1"
                },
                "down": {
                    "uv": [
                        2,
                        3.5,
                        1.5,
                        4
                    ],
                    "texture": "#1"
                }
            }
        },
        {
            "from": [
                5.9238800000000005,
                -1.1173199999999994,
                6
            ],
            "to": [
                6.9238800000000005,
                -0.11731999999999942,
                10
            ],
            "rotation": {
                "angle": -22.5,
                "axis": "z",
                "origin": [
                    4.9238800000000005,
                    2.8826800000000006,
                    8
                ]
            },
            "faces": {
                "north": {
                    "uv": [
                        4.125,
                        0.875,
                        4.25,
                        1
                    ],
                    "texture": "#1"
                },
                "east": {
                    "uv": [
                        3.75,
                        0.5,
                        4.25,
                        0.625
                    ],
                    "texture": "#1"
                },
                "south": {
                    "uv": [
                        1,
                        4.125,
                        1.125,
                        4.25
                    ],
                    "texture": "#1"
                },
                "west": {
                    "uv": [
                        3.75,
                        0.625,
                        4.25,
                        0.75
                    ],
                    "texture": "#1"
                },
                "up": {
                    "uv": [
                        3.875,
                        2.5,
                        3.75,
                        2
                    ],
                    "texture": "#1"
                },
                "down": {
                    "uv": [
                        2.875,
                        3.75,
                        2.75,
                        4.25
                    ],
                    "texture": "#1"
                }
            }
        },
        {
            "from": [
                3.9238800000000005,
                -2.1173200000000003,
                6
            ],
            "to": [
                5.9238800000000005,
                -0.11731999999999942,
                7
            ],
            "rotation": {
                "angle": -22.5,
                "axis": "z",
                "origin": [
                    4.9238800000000005,
                    2.8826800000000006,
                    8
                ]
            },
            "faces": {
                "north": {
                    "uv": [
                        2.25,
                        2.75,
                        2.5,
                        3
                    ],
                    "texture": "#1"
                },
                "east": {
                    "uv": [
                        1.75,
                        4,
                        1.875,
                        4.25
                    ],
                    "texture": "#1"
                },
                "south": {
                    "uv": [
                        2.875,
                        3.75,
                        3.125,
                        4
                    ],
                    "texture": "#1"
                },
                "west": {
                    "uv": [
                        1.875,
                        4,
                        2,
                        4.25
                    ],
                    "texture": "#1"
                },
                "down": {
                    "uv": [
                        3.125,
                        4,
                        2.875,
                        4.125
                    ],
                    "texture": "#1"
                }
            }
        },
        {
            "from": [
                2.9238800000000005,
                -2.1173200000000003,
                6
            ],
            "to": [
                3.9238800000000005,
                -0.11731999999999942,
                10
            ],
            "rotation": {
                "angle": -22.5,
                "axis": "z",
                "origin": [
                    4.9238800000000005,
                    2.8826800000000006,
                    8
                ]
            },
            "faces": {
                "north": {
                    "uv": [
                        3.625,
                        4,
                        3.75,
                        4.25
                    ],
                    "texture": "#1"
                },
                "east": {
                    "uv": [
                        3.5,
                        3.5,
                        4,
                        3.75
                    ],
                    "texture": "#1"
                },
                "south": {
                    "uv": [
                        3.75,
                        4,
                        3.875,
                        4.25
                    ],
                    "texture": "#1"
                },
                "west": {
                    "uv": [
                        3.625,
                        0.75,
                        4.125,
                        1
                    ],
                    "texture": "#1"
                },
                "down": {
                    "uv": [
                        3.625,
                        3.75,
                        3.5,
                        4.25
                    ],
                    "texture": "#1"
                }
            }
        },
        {
            "from": [
                3.9238800000000005,
                -2.1173200000000003,
                9
            ],
            "to": [
                5.9238800000000005,
                -0.11731999999999942,
                10
            ],
            "rotation": {
                "angle": -22.5,
                "axis": "z",
                "origin": [
                    4.9238800000000005,
                    2.8826800000000006,
                    8
                ]
            },
            "faces": {
                "north": {
                    "uv": [
                        3.625,
                        3.75,
                        3.875,
                        4
                    ],
                    "texture": "#1"
                },
                "east": {
                    "uv": [
                        3.875,
                        4,
                        4,
                        4.25
                    ],
                    "texture": "#1"
                },
                "south": {
                    "uv": [
                        3.875,
                        1.375,
                        4.125,
                        1.625
                    ],
                    "texture": "#1"
                },
                "west": {
                    "uv": [
                        4,
                        4,
                        4.125,
                        4.25
                    ],
                    "texture": "#1"
                },
                "down": {
                    "uv": [
                        4.375,
                        0.75,
                        4.125,
                        0.875
                    ],
                    "texture": "#1"
                }
            }
        }
    ]
}