{
    "credit": "Generated by UwU_Snek's silly little Python script",
    "gui_light": "side",
    "textures": {
        "0": "shadow_night:item/mob/overgrown_spider/head",
        "1": "shadow_night:item/mob/overgrown_spider/leg",
        "2": "shadow_night:item/mob/overgrown_spider/armor",
        "particle": "shadow_night:item/mob/overgrown_spider/head"
    },
    "elements": [
        {
            "from": [
                6.9238800000000005,
                -1.1173199999999994,
                10
            ],
            "to": [
                5.9238800000000005,
                9.88268,
                6
            ],
            "rotation": {
                "angle": -22.5,
                "axis": "z",
                "origin": [
                    4.9238800000000005,
                    2.8826800000000006,
                    8
                ]
            },
            "faces": {
                "north": {
                    "uv": [
                        0.6875,
                        1.0625,
                        0.75,
                        1.75
                    ],
                    "texture": "#1"
                },
                "east": {
                    "uv": [
                        0.8125,
                        0,
                        1.0625,
                        0.6875
                    ],
                    "texture": "#1"
                },
                "south": {
                    "uv": [
                        0.8125,
                        2.6875,
                        0.875,
                        3.375
                    ],
                    "texture": "#1"
                },
                "west": {
                    "uv": [
                        0.4375,
                        1.0625,
                        0.6875,
                        1.75
                    ],
                    "texture": "#1"
                },
                "down": {
                    "uv": [
                        0.3125,
                        1.5,
                        0.25,
                        1.75
                    ],
                    "texture": "#1"
                }
            }
        },
        {
            "from": [
                5.23762,
                -1.8487999999999998,
                6.9990000000000006
            ],
            "to": [
                3.937619999999999,
                -0.8488000000000007,
                6.0009999999999994
            ],
            "rotation": {
                "angle": 22.5,
                "axis": "z",
                "origin": [
                    4.587620000000001,
                    -1.8487999999999998,
                    6.5
                ],
                "rescale": true
            },
            "faces": {
                "north": {
                    "uv": [
                        1.5,
                        0.375,
                        1.5625,
                        0.4375
                    ],
                    "texture": "#1"
                },
                "south": {
                    "uv": [
                        1.625,
                        0.6875,
                        1.6875,
                        0.75
                    ],
                    "texture": "#1"
                },
                "down": {
                    "uv": [
                        1.6875,
                        1.9375,
                        1.625,
                        2
                    ],
                    "texture": "#1"
                }
            }
        },
        {
            "from": [
                5.23762,
                -1.8487999999999998,
                9.998999999999999
            ],
            "to": [
                3.937619999999999,
                -0.8488000000000007,
                9.001000000000001
            ],
            "rotation": {
                "angle": 22.5,
                "axis": "z",
                "origin": [
                    4.587620000000001,
                    -1.8487999999999998,
                    6.5
                ],
                "rescale": true
            },
            "faces": {
                "north": {
                    "uv": [
                        2.0625,
                        0.5625,
                        2.125,
                        0.625
                    ],
                    "texture": "#1"
                },
                "south": {
                    "uv": [
                        2.0625,
                        0.6875,
                        2.125,
                        0.75
                    ],
                    "texture": "#1"
                },
                "down": {
                    "uv": [
                        1.25,
                        2.125,
                        1.1875,
                        2.1875
                    ],
                    "texture": "#1"
                }
            }
        },
        {
            "from": [
                5.9238800000000005,
                -2.1173200000000003,
                7
            ],
            "to": [
                3.9238800000000005,
                9.88268,
                6
            ],
            "rotation": {
                "angle": -22.5,
                "axis": "z",
                "origin": [
                    4.9238800000000005,
                    2.8826800000000006,
                    8
                ]
            },
            "faces": {
                "north": {
                    "uv": [
                        0.25,
                        0,
                        0.375,
                        0.75
                    ],
                    "texture": "#1"
                },
                "south": {
                    "uv": [
                        1.0625,
                        0,
                        1.1875,
                        0.75
                    ],
                    "texture": "#1"
                },
                "down": {
                    "uv": [
                        1.6875,
                        0.625,
                        1.5625,
                        0.6875
                    ],
                    "texture": "#1"
                }
            }
        },
        {
            "from": [
                3.9238800000000005,
                -2.1173200000000003,
                10
            ],
            "to": [
                2.9238800000000005,
                9.88268,
                6
            ],
            "rotation": {
                "angle": -22.5,
                "axis": "z",
                "origin": [
                    4.9238800000000005,
                    2.8826800000000006,
                    8
                ]
            },
            "faces": {
                "north": {
                    "uv": [
                        0.375,
                        0,
                        0.4375,
                        0.75
                    ],
                    "texture": "#1"
                },
                "east": {
                    "uv": [
                        0,
                        0,
                        0.25,
                        0.75
                    ],
                    "texture": "#1"
                },
                "south": {
                    "uv": [
                        2.5625,
                        1.0625,
                        2.625,
                        1.8125
                    ],
                    "texture": "#1"
                },
                "west": {
                    "uv": [
                        0.5625,
                        0,
                        0.8125,
                        0.75
                    ],
                    "texture": "#1"
                },
                "down": {
                    "uv": [
                        0.5,
                        1.75,
                        0.4375,
                        2
                    ],
                    "texture": "#1"
                }
            }
        },
        {
            "from": [
                5.9238800000000005,
                -2.1173200000000003,
                10
            ],
            "to": [
                3.9238800000000005,
                9.88268,
                9
            ],
            "rotation": {
                "angle": -22.5,
                "axis": "z",
                "origin": [
                    4.9238800000000005,
                    2.8826800000000006,
                    8
                ]
            },
            "faces": {
                "north": {
                    "uv": [
                        0.3125,
                        1.125,
                        0.4375,
                        1.875
                    ],
                    "texture": "#1"
                },
                "south": {
                    "uv": [
                        0,
                        2.375,
                        0.125,
                        3.125
                    ],
                    "texture": "#1"
                },
                "down": {
                    "uv": [
                        0.4375,
                        1.875,
                        0.3125,
                        1.9375
                    ],
                    "texture": "#1"
                }
            }
        }
    ]
}