{
    "credit": "Generated by UwU_Snek's silly little Python script",
    "textures": {
        "0": "shadow_night:item/mob/overgrown_spider/head",
        "1": "shadow_night:item/mob/overgrown_spider/leg2",
        "2": "shadow_night:item/mob/overgrown_spider/leg1",
        "3": "shadow_night:item/mob/overgrown_spider/leg0",
        "particle": "shadow_night:item/mob/overgrown_spider/head"
    },
    "elements": [
        {
            "from": [
                12.07612,
                -0.11731999999999987,
                10
            ],
            "to": [
                8.07612,
                9.88268,
                6
            ],
            "rotation": {
                "angle": -22.5,
                "axis": "z",
                "origin": [
                    -20.07612,
                    2.8826799999999997,
                    0
                ]
            },
            "faces": {
                "north": {
                    "uv": [
                        0.5,
                        0.5,
                        1,
                        1.75
                    ],
                    "texture": "#2"
                },
                "east": {
                    "uv": [
                        0,
                        0.5,
                        0.5,
                        1.75
                    ],
                    "texture": "#2"
                },
                "south": {
                    "uv": [
                        1.5,
                        0.5,
                        2,
                        1.75
                    ],
                    "texture": "#2"
                },
                "west": {
                    "uv": [
                        1,
                        0.5,
                        1.5,
                        1.75
                    ],
                    "texture": "#2"
                },
                "up": {
                    "uv": [
                        1,
                        0.5,
                        0.5,
                        0
                    ],
                    "texture": "#2"
                },
                "down": {
                    "uv": [
                        1.5,
                        0,
                        1,
                        0.5
                    ],
                    "texture": "#2"
                }
            }
        }
    ],
    "groups": [
        5,
        6
    ]
}