{
    "credit": "Generated by UwU_Snek's silly little Python script",
    "textures": {
        "0": "shadow_night:item/mob/overgrown_spider/head",
        "1": "shadow_night:item/mob/overgrown_spider/leg",
        "2": "shadow_night:item/mob/overgrown_spider/armor",
        "particle": "shadow_night:item/mob/overgrown_spider/head"
    },
    "elements": [
        {
            "from": [
                6.9392499999999995,
                -1.5,
                7
            ],
            "to": [
                8.93925,
                8.7,
                9
            ],
            "rotation": {
                "angle": 0,
                "axis": "z",
                "origin": [
                    9.93925,
                    12.73044,
                    8
                ]
            },
            "faces": {
                "north": {
                    "uv": [
                        0,
                        3.5,
                        0.25,
                        4.75
                    ],
                    "texture": "#1"
                },
                "east": {
                    "uv": [
                        0.25,
                        3.5,
                        0.5,
                        4.75
                    ],
                    "texture": "#1"
                },
                "south": {
                    "uv": [
                        0.5,
                        3.5,
                        0.75,
                        4.75
                    ],
                    "texture": "#1"
                },
                "west": {
                    "uv": [
                        0.75,
                        3.5,
                        1,
                        4.75
                    ],
                    "texture": "#1"
                },
                "down": {
                    "uv": [
                        4.125,
                        1.875,
                        3.875,
                        2.125
                    ],
                    "texture": "#1"
                }
            }
        }
    ]
}