{
    "credit": "Generated by UwU_Snek's silly little Python script",
    "gui_light": "side",
    "textures": {
        "0": "shadow_night:item/mob/overgrown_spider/head",
        "1": "shadow_night:item/mob/overgrown_spider/leg",
        "2": "shadow_night:item/mob/overgrown_spider/armor",
        "particle": "shadow_night:item/mob/overgrown_spider/head"
    },
    "elements": [
        {
            "from": [
                12.43405,
                5.61739,
                6
            ],
            "to": [
                5.434049999999999,
                10.61739,
                5
            ],
            "rotation": {
                "angle": 45,
                "axis": "z",
                "origin": [
                    7.934049999999999,
                    8.11739,
                    5.5
                ]
            },
            "faces": {
                "north": {
                    "uv": [
                        5.25,
                        3.875,
                        6.125,
                        4.5
                    ],
                    "texture": "#1"
                },
                "south": {
                    "uv": [
                        5.25,
                        3.25,
                        6.125,
                        3.875
                    ],
                    "texture": "#1"
                },
                "west": {
                    "uv": [
                        2.25,
                        1.5,
                        2.375,
                        2.125
                    ],
                    "texture": "#1"
                },
                "down": {
                    "uv": [
                        2.375,
                        2.25,
                        1.5,
                        2.375
                    ],
                    "rotation": 180,
                    "texture": "#1"
                }
            }
        },
        {
            "from": [
                8.86083,
                5.70838,
                6
            ],
            "to": [
                5.86083,
                6.708379999999998,
                5
            ],
            "rotation": {
                "angle": 45,
                "axis": "z",
                "origin": [
                    6.830500000000001,
                    9.178049999999999,
                    8
                ]
            },
            "faces": {
                "north": {
                    "uv": [
                        3.875,
                        2.25,
                        4.25,
                        2.375
                    ],
                    "texture": "#1"
                },
                "east": {
                    "uv": [
                        1.25,
                        4.125,
                        1.375,
                        4.25
                    ],
                    "texture": "#1"
                },
                "south": {
                    "uv": [
                        3.875,
                        2.125,
                        4.25,
                        2.25
                    ],
                    "texture": "#1"
                },
                "west": {
                    "uv": [
                        1.125,
                        4.125,
                        1.25,
                        4.25
                    ],
                    "texture": "#1"
                },
                "down": {
                    "uv": [
                        4.25,
                        3.75,
                        3.875,
                        3.875
                    ],
                    "rotation": 180,
                    "texture": "#1"
                }
            }
        },
        {
            "from": [
                7.019829999999999,
                5.288959999999999,
                6.2057
            ],
            "to": [
                6.019829999999999,
                6.288959999999999,
                5.207700000000001
            ],
            "rotation": {
                "angle": 0,
                "axis": "y",
                "origin": [
                    6.519829999999999,
                    5.288959999999999,
                    5.705690000000001
                ],
                "rescale": true
            },
            "faces": {
                "south": {
                    "uv": [
                        0.5,
                        0.25,
                        0.625,
                        0.375
                    ],
                    "texture": "#1"
                },
                "down": {
                    "uv": [
                        0.5,
                        0.5,
                        0.375,
                        0.625
                    ],
                    "rotation": 180,
                    "texture": "#1"
                }
            }
        },
        {
            "from": [
                7.019829999999999,
                5.288959999999999,
                9.135100000000001
            ],
            "to": [
                6.019829999999999,
                6.288959999999999,
                8.136099999999999
            ],
            "rotation": {
                "angle": 0,
                "axis": "y",
                "origin": [
                    6.519829999999999,
                    5.288959999999999,
                    4.636100000000001
                ],
                "rescale": true
            },
            "faces": {
                "north": {
                    "uv": [
                        0.375,
                        0.375,
                        0.5,
                        0.5
                    ],
                    "texture": "#1"
                },
                "down": {
                    "uv": [
                        0.625,
                        0.125,
                        0.5,
                        0.25
                    ],
                    "rotation": 180,
                    "texture": "#1"
                }
            }
        },
        {
            "from": [
                12.86083,
                6.708379999999998,
                11
            ],
            "to": [
                5.86083,
                11.708379999999998,
                10
            ],
            "rotation": {
                "angle": 45,
                "axis": "z",
                "origin": [
                    6.830500000000001,
                    9.178049999999999,
                    8
                ]
            },
            "faces": {
                "north": {
                    "uv": [
                        5.25,
                        5.125,
                        6.125,
                        5.75
                    ],
                    "texture": "#1"
                },
                "south": {
                    "uv": [
                        5.25,
                        4.5,
                        6.125,
                        5.125
                    ],
                    "texture": "#1"
                },
                "west": {
                    "uv": [
                        2.375,
                        1.5,
                        2.5,
                        2.125
                    ],
                    "texture": "#1"
                },
                "down": {
                    "uv": [
                        2.375,
                        2.375,
                        1.5,
                        2.5
                    ],
                    "rotation": 180,
                    "texture": "#1"
                }
            }
        },
        {
            "from": [
                8.86083,
                5.70838,
                11
            ],
            "to": [
                5.86083,
                6.708379999999998,
                10
            ],
            "rotation": {
                "angle": 45,
                "axis": "z",
                "origin": [
                    6.830500000000001,
                    9.178049999999999,
                    8
                ]
            },
            "faces": {
                "north": {
                    "uv": [
                        1,
                        4,
                        1.375,
                        4.125
                    ],
                    "texture": "#1"
                },
                "east": {
                    "uv": [
                        4.125,
                        1.375,
                        4.25,
                        1.5
                    ],
                    "texture": "#1"
                },
                "south": {
                    "uv": [
                        3.875,
                        3.875,
                        4.25,
                        4
                    ],
                    "texture": "#1"
                },
                "west": {
                    "uv": [
                        1.375,
                        4.125,
                        1.5,
                        4.25
                    ],
                    "texture": "#1"
                },
                "down": {
                    "uv": [
                        4.375,
                        3.5,
                        4,
                        3.625
                    ],
                    "rotation": 180,
                    "texture": "#1"
                }
            }
        },
        {
            "from": [
                5.86083,
                5.70838,
                11
            ],
            "to": [
                4.86083,
                10.708379999999998,
                5
            ],
            "rotation": {
                "angle": 45,
                "axis": "z",
                "origin": [
                    6.830500000000001,
                    9.178049999999999,
                    8
                ]
            },
            "faces": {
                "north": {
                    "uv": [
                        2.125,
                        3.5,
                        2.25,
                        4.25
                    ],
                    "texture": "#1"
                },
                "east": {
                    "uv": [
                        2.5,
                        2.25,
                        3.25,
                        3
                    ],
                    "texture": "#1"
                },
                "south": {
                    "uv": [
                        2,
                        3.5,
                        2.125,
                        4.25
                    ],
                    "texture": "#1"
                },
                "west": {
                    "uv": [
                        2.5,
                        1.5,
                        3.25,
                        2.25
                    ],
                    "texture": "#1"
                },
                "down": {
                    "uv": [
                        2.5,
                        3.625,
                        2.375,
                        4.375
                    ],
                    "rotation": 180,
                    "texture": "#1"
                }
            }
        },
        {
            "from": [
                12.86083,
                11.708379999999998,
                11
            ],
            "to": [
                6.86083,
                12.708379999999998,
                5
            ],
            "rotation": {
                "angle": 45,
                "axis": "z",
                "origin": [
                    6.830500000000001,
                    9.178049999999999,
                    8
                ]
            },
            "faces": {
                "north": {
                    "uv": [
                        3,
                        0.75,
                        3.75,
                        0.875
                    ],
                    "texture": "#1"
                },
                "south": {
                    "uv": [
                        1.5,
                        2.5,
                        2.25,
                        2.625
                    ],
                    "texture": "#1"
                },
                "west": {
                    "uv": [
                        1.5,
                        2.625,
                        2.25,
                        2.75
                    ],
                    "texture": "#1"
                },
                "up": {
                    "uv": [
                        3.25,
                        3.75,
                        2.5,
                        3
                    ],
                    "rotation": 180,
                    "texture": "#1"
                },
                "down": {
                    "uv": [
                        5.875,
                        0,
                        5.125,
                        0.75
                    ],
                    "rotation": 180,
                    "texture": "#1"
                }
            }
        },
        {
            "from": [
                9.350000000000001,
                10.649999999999999,
                10.998999999999999
            ],
            "to": [
                6.52,
                11.649999999999999,
                5.0009999999999994
            ],
            "rotation": {
                "angle": 0,
                "axis": "z",
                "origin": [
                    7.934100000000001,
                    8.1174,
                    5.5
                ]
            },
            "faces": {
                "north": {
                    "uv": [
                        0.75,
                        0.25,
                        1.125,
                        0.375
                    ],
                    "texture": "#1"
                },
                "south": {
                    "uv": [
                        0.75,
                        0.125,
                        1.125,
                        0.25
                    ],
                    "texture": "#1"
                },
                "up": {
                    "uv": [
                        0.375,
                        0.75,
                        0,
                        0
                    ],
                    "rotation": 180,
                    "texture": "#1"
                }
            }
        }
    ]
}