{
    "credit": "Generated by UwU_Snek's silly little Python script",
    "gui_light": "side",
    "textures": {
        "0": "shadow_night:item/mob/overgrown_spider/head",
        "1": "shadow_night:item/mob/overgrown_spider/leg",
        "2": "shadow_night:item/mob/overgrown_spider/armor",
        "particle": "shadow_night:item/mob/overgrown_spider/head"
    },
    "elements": [
        {
            "from": [
                6.5,
                6,
                10
            ],
            "to": [
                2.5,
                25,
                6
            ],
            "rotation": {
                "angle": 22.5,
                "axis": "z",
                "origin": [
                    3.5,
                    17,
                    8
                ]
            },
            "faces": {
                "north": {
                    "uv": [
                        4.75,
                        3.75,
                        5.25,
                        6.25
                    ],
                    "texture": "#1"
                },
                "east": {
                    "uv": [
                        5,
                        0.75,
                        5.5,
                        3.25
                    ],
                    "texture": "#1"
                },
                "south": {
                    "uv": [
                        1,
                        4.25,
                        1.5,
                        6.75
                    ],
                    "texture": "#1"
                },
                "west": {
                    "uv": [
                        1.5,
                        4.25,
                        2,
                        6.75
                    ],
                    "texture": "#1"
                }
            }
        },
        {
            "from": [
                7.5,
                5,
                9
            ],
            "to": [
                6.5,
                17,
                7
            ],
            "rotation": {
                "angle": 22.5,
                "axis": "z",
                "origin": [
                    3.5,
                    17,
                    8
                ]
            },
            "faces": {
                "north": {
                    "uv": [
                        1.5,
                        0,
                        1.625,
                        1.5
                    ],
                    "texture": "#1"
                },
                "south": {
                    "uv": [
                        1.375,
                        0,
                        1.5,
                        1.5
                    ],
                    "texture": "#1"
                },
                "west": {
                    "uv": [
                        1.125,
                        0,
                        1.375,
                        1.5
                    ],
                    "texture": "#1"
                }
            }
        },
        {
            "from": [
                6.395530000000001,
                18.48073,
                8.998999999999999
            ],
            "to": [
                5.395530000000001,
                20.48073,
                7.0009999999999994
            ],
            "rotation": {
                "angle": 45,
                "axis": "z",
                "origin": [
                    6.34553,
                    19.28073,
                    7.9990000000000006
                ],
                "rescale": true
            },
            "faces": {
                "north": {
                    "uv": [
                        1,
                        0.375,
                        1.125,
                        0.625
                    ],
                    "texture": "#1"
                },
                "south": {
                    "uv": [
                        0.375,
                        0.125,
                        0.5,
                        0.375
                    ],
                    "texture": "#1"
                },
                "west": {
                    "uv": [
                        0.625,
                        0.375,
                        0.875,
                        0.625
                    ],
                    "texture": "#1"
                }
            }
        }
    ]
}