{
    "credit": "Generated by UwU_Snek's silly little Python script",
    "textures": {
        "0": "shadow_night:item/mob/overgrown_spider/head",
        "1": "shadow_night:item/mob/overgrown_spider/leg",
        "2": "shadow_night:item/mob/overgrown_spider/armor",
        "particle": "shadow_night:item/mob/overgrown_spider/head"
    },
    "elements": [
        {
            "from": [
                5.86083,
                6.708379999999998,
                5
            ],
            "to": [
                10.86083,
                11.708379999999998,
                6
            ],
            "rotation": {
                "angle": -45,
                "axis": "z",
                "origin": [
                    6.830500000000001,
                    9.178049999999999,
                    8
                ]
            },
            "faces": {
                "north": {
                    "uv": [
                        3,
                        0.75,
                        3.625,
                        1.375
                    ],
                    "texture": "#1"
                },
                "east": {
                    "uv": [
                        3.25,
                        3.625,
                        3.375,
                        4.25
                    ],
                    "texture": "#1"
                },
                "south": {
                    "uv": [
                        2.25,
                        3,
                        2.875,
                        3.625
                    ],
                    "texture": "#1"
                },
                "down": {
                    "uv": [
                        4.375,
                        0.125,
                        3.75,
                        0.25
                    ],
                    "texture": "#1"
                }
            }
        },
        {
            "from": [
                5.86083,
                5.70838,
                5
            ],
            "to": [
                8.86083,
                6.708379999999998,
                6
            ],
            "rotation": {
                "angle": -45,
                "axis": "z",
                "origin": [
                    6.830500000000001,
                    9.178049999999999,
                    8
                ]
            },
            "faces": {
                "north": {
                    "uv": [
                        3.875,
                        2.125,
                        4.25,
                        2.25
                    ],
                    "texture": "#1"
                },
                "east": {
                    "uv": [
                        1.125,
                        4.125,
                        1.25,
                        4.25
                    ],
                    "texture": "#1"
                },
                "south": {
                    "uv": [
                        3.875,
                        2.25,
                        4.25,
                        2.375
                    ],
                    "texture": "#1"
                },
                "west": {
                    "uv": [
                        1.25,
                        4.125,
                        1.375,
                        4.25
                    ],
                    "texture": "#1"
                },
                "down": {
                    "uv": [
                        4.25,
                        3.75,
                        3.875,
                        3.875
                    ],
                    "texture": "#1"
                }
            }
        },
        {
            "from": [
                5.86083,
                6.708379999999998,
                10
            ],
            "to": [
                10.86083,
                11.708379999999998,
                11
            ],
            "rotation": {
                "angle": -45,
                "axis": "z",
                "origin": [
                    6.830500000000001,
                    9.178049999999999,
                    8
                ]
            },
            "faces": {
                "north": {
                    "uv": [
                        2.875,
                        3,
                        3.5,
                        3.625
                    ],
                    "texture": "#1"
                },
                "east": {
                    "uv": [
                        2.5,
                        3.75,
                        2.625,
                        4.375
                    ],
                    "texture": "#1"
                },
                "south": {
                    "uv": [
                        3.25,
                        1.375,
                        3.875,
                        2
                    ],
                    "texture": "#1"
                },
                "down": {
                    "uv": [
                        4.375,
                        0.375,
                        3.75,
                        0.5
                    ],
                    "texture": "#1"
                }
            }
        },
        {
            "from": [
                5.86083,
                5.70838,
                10
            ],
            "to": [
                8.86083,
                6.708379999999998,
                11
            ],
            "rotation": {
                "angle": -45,
                "axis": "z",
                "origin": [
                    6.830500000000001,
                    9.178049999999999,
                    8
                ]
            },
            "faces": {
                "north": {
                    "uv": [
                        3.875,
                        3.875,
                        4.25,
                        4
                    ],
                    "texture": "#1"
                },
                "east": {
                    "uv": [
                        1.375,
                        4.125,
                        1.5,
                        4.25
                    ],
                    "texture": "#1"
                },
                "south": {
                    "uv": [
                        1,
                        4,
                        1.375,
                        4.125
                    ],
                    "texture": "#1"
                },
                "west": {
                    "uv": [
                        4.125,
                        1.375,
                        4.25,
                        1.5
                    ],
                    "texture": "#1"
                },
                "down": {
                    "uv": [
                        4.375,
                        3.5,
                        4,
                        3.625
                    ],
                    "texture": "#1"
                }
            }
        },
        {
            "from": [
                4.86083,
                5.70838,
                5
            ],
            "to": [
                5.86083,
                11.708379999999998,
                11
            ],
            "rotation": {
                "angle": -45,
                "axis": "z",
                "origin": [
                    6.830500000000001,
                    9.178049999999999,
                    8
                ]
            },
            "faces": {
                "north": {
                    "uv": [
                        2,
                        3.5,
                        2.125,
                        4.25
                    ],
                    "texture": "#1"
                },
                "east": {
                    "uv": [
                        2.5,
                        1.5,
                        3.25,
                        2.25
                    ],
                    "texture": "#1"
                },
                "south": {
                    "uv": [
                        2.125,
                        3.5,
                        2.25,
                        4.25
                    ],
                    "texture": "#1"
                },
                "west": {
                    "uv": [
                        2.5,
                        2.25,
                        3.25,
                        3
                    ],
                    "texture": "#1"
                },
                "down": {
                    "uv": [
                        2.5,
                        3.625,
                        2.375,
                        4.375
                    ],
                    "texture": "#1"
                }
            }
        },
        {
            "from": [
                4.86083,
                11.708379999999998,
                5
            ],
            "to": [
                10.86083,
                12.708379999999998,
                11
            ],
            "rotation": {
                "angle": -45,
                "axis": "z",
                "origin": [
                    6.830500000000001,
                    9.178049999999999,
                    8
                ]
            },
            "faces": {
                "north": {
                    "uv": [
                        3.625,
                        1,
                        4.375,
                        1.125
                    ],
                    "texture": "#1"
                },
                "east": {
                    "uv": [
                        3.625,
                        1.125,
                        4.375,
                        1.25
                    ],
                    "texture": "#1"
                },
                "south": {
                    "uv": [
                        3.625,
                        1.25,
                        4.375,
                        1.375
                    ],
                    "texture": "#1"
                },
                "west": {
                    "uv": [
                        2.5,
                        3.625,
                        3.25,
                        3.75
                    ],
                    "texture": "#1"
                },
                "up": {
                    "uv": [
                        2.25,
                        3.5,
                        1.5,
                        2.75
                    ],
                    "texture": "#1"
                },
                "down": {
                    "uv": [
                        3.75,
                        0,
                        3,
                        0.75
                    ],
                    "texture": "#1"
                }
            }
        }
    ]
}