{
    "credit": "Generated by UwU_Snek's silly little Python script",
    "textures": {
        "0": "shadow_night:item/mob/overgrown_spider/head",
        "1": "shadow_night:item/mob/overgrown_spider/leg2",
        "2": "shadow_night:item/mob/overgrown_spider/leg1",
        "3": "shadow_night:item/mob/overgrown_spider/leg0",
        "particle": "shadow_night:item/mob/overgrown_spider/head"
    },
    "elements": [
        {
            "from": [
                12.5,
                5.5,
                10
            ],
            "to": [
                8.5,
                23.5,
                6
            ],
            "rotation": {
                "angle": 22.5,
                "axis": "z",
                "origin": [
                    -8.5,
                    14.5,
                    0
                ]
            },
            "faces": {
                "north": {
                    "uv": [
                        0.5,
                        0.5,
                        1,
                        2.75
                    ],
                    "texture": "#3"
                },
                "east": {
                    "uv": [
                        0,
                        0.5,
                        0.5,
                        2.75
                    ],
                    "texture": "#3"
                },
                "south": {
                    "uv": [
                        1.5,
                        0.5,
                        2,
                        2.75
                    ],
                    "texture": "#3"
                },
                "west": {
                    "uv": [
                        1,
                        0.5,
                        1.5,
                        2.75
                    ],
                    "texture": "#3"
                },
                "up": {
                    "uv": [
                        1,
                        0.5,
                        0.5,
                        0
                    ],
                    "texture": "#3"
                },
                "down": {
                    "uv": [
                        1.5,
                        0,
                        1,
                        0.5
                    ],
                    "texture": "#3"
                }
            }
        }
    ],
    "groups": [
        3,
        4
    ]
}