{
    "credit": "Generated by UwU_Snek's silly little Python script",
    "textures": {
        "0": "shadow_night:item/mob/overgrown_spider/head",
        "1": "shadow_night:item/mob/overgrown_spider/leg2",
        "2": "shadow_night:item/mob/overgrown_spider/leg1",
        "3": "shadow_night:item/mob/overgrown_spider/leg0",
        "particle": "shadow_night:item/mob/overgrown_spider/head"
    },
    "elements": [
        {
            "from": [
                3.9238800000000005,
                -0.11732000000000031,
                6
            ],
            "to": [
                7.92388,
                9.88268,
                10
            ],
            "rotation": {
                "angle": -22.5,
                "axis": "z",
                "origin": [
                    5.92388,
                    2.8826800000000006,
                    8
                ]
            },
            "faces": {
                "north": {
                    "uv": [
                        0.5,
                        0.5,
                        1,
                        1.75
                    ],
                    "texture": "#2"
                },
                "east": {
                    "uv": [
                        0,
                        0.5,
                        0.5,
                        1.75
                    ],
                    "texture": "#2"
                },
                "south": {
                    "uv": [
                        1.5,
                        0.5,
                        2,
                        1.75
                    ],
                    "texture": "#2"
                },
                "west": {
                    "uv": [
                        1,
                        0.5,
                        1.5,
                        1.75
                    ],
                    "texture": "#2"
                },
                "up": {
                    "uv": [
                        1,
                        0.5,
                        0.5,
                        0
                    ],
                    "texture": "#2"
                },
                "down": {
                    "uv": [
                        1.5,
                        0,
                        1,
                        0.5
                    ],
                    "texture": "#2"
                }
            }
        }
    ]
}