{
    "credit": "Generated by UwU_Snek's silly little Python script",
    "gui_light": "side",
    "textures": {
        "0": "shadow_night:item/mob/overgrown_spider/head",
        "1": "shadow_night:item/mob/overgrown_spider/leg",
        "2": "shadow_night:item/mob/overgrown_spider/armor",
        "particle": "shadow_night:item/mob/overgrown_spider/head"
    },
    "elements": [
        {
            "from": [
                2.5,
                6,
                6
            ],
            "to": [
                6.5,
                25,
                10
            ],
            "rotation": {
                "angle": 22.5,
                "axis": "z",
                "origin": [
                    3.5,
                    17,
                    8
                ]
            },
            "faces": {
                "north": {
                    "uv": [
                        1,
                        4.25,
                        1.5,
                        6.75
                    ],
                    "texture": "#1"
                },
                "east": {
                    "uv": [
                        1.5,
                        4.25,
                        2,
                        6.75
                    ],
                    "texture": "#1"
                },
                "south": {
                    "uv": [
                        4.75,
                        3.75,
                        5.25,
                        6.25
                    ],
                    "texture": "#1"
                },
                "west": {
                    "uv": [
                        5,
                        0.75,
                        5.5,
                        3.25
                    ],
                    "texture": "#1"
                }
            }
        },
        {
            "from": [
                6.5,
                5,
                7
            ],
            "to": [
                7.5,
                18,
                9
            ],
            "rotation": {
                "angle": 22.5,
                "axis": "z",
                "origin": [
                    3.5,
                    17,
                    8
                ]
            },
            "faces": {
                "north": {
                    "uv": [
                        1.875,
                        0,
                        2,
                        1.625
                    ],
                    "texture": "#1"
                },
                "east": {
                    "uv": [
                        1.625,
                        0,
                        1.875,
                        1.625
                    ],
                    "texture": "#1"
                },
                "south": {
                    "uv": [
                        2.25,
                        3.625,
                        2.375,
                        5.25
                    ],
                    "texture": "#1"
                }
            }
        },
        {
            "from": [
                5.01284,
                19.404609999999998,
                7.001
            ],
            "to": [
                6.012840000000001,
                21.40461,
                8.999
            ],
            "rotation": {
                "angle": 45,
                "axis": "z",
                "origin": [
                    5.96284,
                    20.204610000000002,
                    8
                ],
                "rescale": true
            },
            "faces": {
                "north": {
                    "uv": [
                        0.375,
                        0.125,
                        0.5,
                        0.375
                    ],
                    "texture": "#1"
                },
                "east": {
                    "uv": [
                        0.625,
                        0.375,
                        0.875,
                        0.625
                    ],
                    "texture": "#1"
                },
                "south": {
                    "uv": [
                        1,
                        0.375,
                        1.125,
                        0.625
                    ],
                    "texture": "#1"
                }
            }
        }
    ]
}