{
    "credit": "Generated by UwU_Snek's silly little Python script",
    "textures": {
        "0": "shadow_night:item/mob/overgrown_spider/head",
        "1": "shadow_night:item/mob/overgrown_spider/leg2",
        "2": "shadow_night:item/mob/overgrown_spider/leg1",
        "3": "shadow_night:item/mob/overgrown_spider/leg0",
        "particle": "shadow_night:item/mob/overgrown_spider/head"
    },
    "elements": [
        {
            "from": [
                6.9392499999999995,
                -1.2695599999999998,
                7
            ],
            "to": [
                8.939250000000001,
                8.73044,
                9
            ],
            "rotation": {
                "angle": 0,
                "axis": "z",
                "origin": [
                    9.939250000000001,
                    12.73044,
                    8
                ]
            },
            "faces": {
                "north": {
                    "uv": [
                        0.25,
                        0.25,
                        0.5,
                        1.5
                    ],
                    "texture": "#1"
                },
                "east": {
                    "uv": [
                        0,
                        0.25,
                        0.25,
                        1.5
                    ],
                    "texture": "#1"
                },
                "south": {
                    "uv": [
                        0.75,
                        0.25,
                        1,
                        1.5
                    ],
                    "texture": "#1"
                },
                "west": {
                    "uv": [
                        0.5,
                        0.25,
                        0.75,
                        1.5
                    ],
                    "texture": "#1"
                },
                "up": {
                    "uv": [
                        0.5,
                        0.25,
                        0.25,
                        0
                    ],
                    "texture": "#1"
                },
                "down": {
                    "uv": [
                        0.75,
                        0,
                        0.5,
                        0.25
                    ],
                    "texture": "#1"
                }
            }
        }
    ]
}