{
    "credit": "Generated by UwU_Snek's silly little Python script",
    "gui_light": "side",
    "textures": {
        "0": "shadow_night:item/mob/overgrown_spider/head",
        "1": "shadow_night:item/mob/overgrown_spider/leg",
        "2": "shadow_night:item/mob/overgrown_spider/armor",
        "particle": "shadow_night:item/mob/overgrown_spider/head"
    },
    "elements": [
        {
            "from": [
                9,
                7,
                11
            ],
            "to": [
                4,
                9,
                5
            ],
            "rotation": {
                "angle": 0,
                "axis": "y",
                "origin": [
                    2,
                    8,
                    0
                ]
            },
            "faces": {
                "north": {
                    "uv": [
                        0,
                        2.125,
                        0.3125,
                        2.25
                    ],
                    "texture": "#1"
                },
                "east": {
                    "uv": [
                        1.1875,
                        1.9375,
                        1.5625,
                        2.0625
                    ],
                    "texture": "#1"
                },
                "south": {
                    "uv": [
                        2.125,
                        0,
                        2.4375,
                        0.125
                    ],
                    "texture": "#1"
                },
                "up": {
                    "uv": [
                        1.8125,
                        0.375,
                        1.5,
                        0
                    ],
                    "texture": "#1"
                },
                "down": {
                    "uv": [
                        0.3125,
                        1.75,
                        0,
                        2.125
                    ],
                    "texture": "#1"
                }
            }
        },
        {
            "from": [
                10,
                7,
                11
            ],
            "to": [
                9,
                11,
                5
            ],
            "rotation": {
                "angle": 0,
                "axis": "y",
                "origin": [
                    2,
                    8,
                    0
                ]
            },
            "faces": {
                "north": {
                    "uv": [
                        1.9375,
                        0.375,
                        2,
                        0.625
                    ],
                    "texture": "#1"
                },
                "east": {
                    "uv": [
                        1.1875,
                        0.4375,
                        1.5625,
                        0.6875
                    ],
                    "texture": "#1"
                },
                "south": {
                    "uv": [
                        2,
                        0.375,
                        2.0625,
                        0.625
                    ],
                    "texture": "#1"
                },
                "west": {
                    "uv": [
                        0.1875,
                        2.6875,
                        0.5625,
                        2.9375
                    ],
                    "texture": "#1"
                },
                "up": {
                    "uv": [
                        0.3125,
                        1.5,
                        0.25,
                        1.125
                    ],
                    "texture": "#1"
                },
                "down": {
                    "uv": [
                        1.25,
                        0,
                        1.1875,
                        0.375
                    ],
                    "texture": "#1"
                }
            }
        },
        {
            "from": [
                12,
                7,
                10
            ],
            "to": [
                10,
                8,
                6
            ],
            "rotation": {
                "angle": 0,
                "axis": "y",
                "origin": [
                    2,
                    8,
                    0
                ]
            },
            "faces": {
                "north": {
                    "uv": [
                        0.3125,
                        1.9375,
                        0.4375,
                        2
                    ],
                    "texture": "#1"
                },
                "east": {
                    "uv": [
                        0.5,
                        0.75,
                        0.75,
                        0.8125
                    ],
                    "texture": "#1"
                },
                "south": {
                    "uv": [
                        1,
                        2.0625,
                        1.125,
                        2.125
                    ],
                    "texture": "#1"
                },
                "west": {
                    "uv": [
                        1.25,
                        0,
                        1.5,
                        0.0625
                    ],
                    "texture": "#1"
                },
                "up": {
                    "uv": [
                        0.5625,
                        0.25,
                        0.4375,
                        0
                    ],
                    "texture": "#1"
                },
                "down": {
                    "uv": [
                        1.6875,
                        0.375,
                        1.5625,
                        0.625
                    ],
                    "texture": "#1"
                }
            }
        },
        {
            "from": [
                4,
                7,
                6
            ],
            "to": [
                0,
                10,
                5
            ],
            "rotation": {
                "angle": 0,
                "axis": "y",
                "origin": [
                    2,
                    8,
                    0
                ]
            },
            "faces": {
                "north": {
                    "uv": [
                        1.6875,
                        1.5625,
                        1.9375,
                        1.75
                    ],
                    "texture": "#1"
                },
                "east": {
                    "uv": [
                        0.4375,
                        0.5625,
                        0.5,
                        0.75
                    ],
                    "texture": "#1"
                },
                "south": {
                    "uv": [
                        1.875,
                        1.875,
                        2.125,
                        2.0625
                    ],
                    "texture": "#1"
                },
                "west": {
                    "uv": [
                        2.0625,
                        0.375,
                        2.125,
                        0.5625
                    ],
                    "texture": "#1"
                },
                "up": {
                    "uv": [
                        1.9375,
                        1.8125,
                        1.6875,
                        1.75
                    ],
                    "texture": "#1"
                }
            }
        },
        {
            "from": [
                4,
                7,
                11
            ],
            "to": [
                0,
                8,
                5
            ],
            "rotation": {
                "angle": 0,
                "axis": "y",
                "origin": [
                    2,
                    8,
                    0
                ]
            },
            "faces": {
                "up": {
                    "uv": [
                        2.125,
                        0.375,
                        1.875,
                        0
                    ],
                    "texture": "#1"
                },
                "down": {
                    "uv": [
                        2.375,
                        1.25,
                        2.125,
                        1.625
                    ],
                    "texture": "#1"
                }
            }
        },
        {
            "from": [
                4,
                7,
                11
            ],
            "to": [
                0,
                10,
                10
            ],
            "rotation": {
                "angle": 0,
                "axis": "y",
                "origin": [
                    2,
                    8,
                    0
                ]
            },
            "faces": {
                "north": {
                    "uv": [
                        2.3125,
                        2.625,
                        2.5625,
                        2.8125
                    ],
                    "texture": "#1"
                },
                "east": {
                    "uv": [
                        0.6875,
                        2.0625,
                        0.75,
                        2.25
                    ],
                    "texture": "#1"
                },
                "south": {
                    "uv": [
                        2.3125,
                        2.8125,
                        2.5625,
                        3
                    ],
                    "texture": "#1"
                },
                "west": {
                    "uv": [
                        0.5,
                        2.125,
                        0.5625,
                        2.3125
                    ],
                    "texture": "#1"
                },
                "up": {
                    "uv": [
                        1.9375,
                        1.875,
                        1.6875,
                        1.8125
                    ],
                    "texture": "#1"
                }
            }
        },
        {
            "from": [
                1,
                7.5,
                10.998999999999999
            ],
            "to": [
                0,
                8.5,
                5.0009999999999994
            ],
            "rotation": {
                "angle": 45,
                "axis": "z",
                "origin": [
                    0.5,
                    8.5,
                    8
                ],
                "rescale": true
            },
            "faces": {
                "north": {
                    "uv": [
                        1.75,
                        2.125,
                        1.8125,
                        2.1875
                    ],
                    "texture": "#1"
                },
                "east": {
                    "uv": [
                        0.1875,
                        3.0625,
                        0.5625,
                        3.125
                    ],
                    "texture": "#1"
                },
                "south": {
                    "uv": [
                        2.125,
                        2,
                        2.1875,
                        2.0625
                    ],
                    "texture": "#1"
                }
            }
        },
        {
            "from": [
                9,
                9,
                8.998999999999999
            ],
            "to": [
                2,
                10,
                7.0009999999999994
            ],
            "rotation": {
                "angle": 0,
                "axis": "y",
                "origin": [
                    2,
                    10,
                    0
                ]
            },
            "faces": {
                "north": {
                    "uv": [
                        3.3125,
                        2.4375,
                        3.75,
                        2.5
                    ],
                    "texture": "#1"
                },
                "south": {
                    "uv": [
                        3.3125,
                        2.5,
                        3.75,
                        2.5625
                    ],
                    "texture": "#1"
                },
                "up": {
                    "uv": [
                        0.875,
                        0.9375,
                        0.4375,
                        0.8125
                    ],
                    "texture": "#1"
                }
            }
        }
    ]
}