{
    "credit": "Generated by UwU_Snek's silly little Python script",
    "textures": {
        "0": "shadow_night:item/mob/overgrown_spider/head",
        "1": "shadow_night:item/mob/overgrown_spider/leg",
        "2": "shadow_night:item/mob/overgrown_spider/armor",
        "particle": "shadow_night:item/mob/overgrown_spider/head"
    },
    "elements": [
        {
            "from": [
                -3,
                7,
                5
            ],
            "to": [
                6,
                9,
                11
            ],
            "rotation": {
                "angle": 0,
                "axis": "y",
                "origin": [
                    -2,
                    8,
                    0
                ]
            },
            "faces": {
                "north": {
                    "uv": [
                        3.25,
                        2.5,
                        4.25,
                        2.75
                    ],
                    "texture": "#1"
                },
                "east": {
                    "uv": [
                        3.5,
                        3,
                        4.25,
                        3.25
                    ],
                    "texture": "#1"
                },
                "south": {
                    "uv": [
                        3.25,
                        2.75,
                        4.25,
                        3
                    ],
                    "texture": "#1"
                },
                "west": {
                    "uv": [
                        3.5,
                        3.25,
                        4.25,
                        3.5
                    ],
                    "texture": "#1"
                },
                "up": {
                    "uv": [
                        3,
                        0.75,
                        2,
                        0
                    ],
                    "texture": "#1"
                },
                "down": {
                    "uv": [
                        3,
                        0.75,
                        2,
                        1.5
                    ],
                    "texture": "#1"
                }
            }
        }
    ]
}