{
    "credit": "Generated by UwU_Snek's silly little Python script",
    "gui_light": "side",
    "textures": {
        "0": "shadow_night:item/mob/overgrown_spider/head",
        "1": "shadow_night:item/mob/overgrown_spider/leg",
        "2": "shadow_night:item/mob/overgrown_spider/armor",
        "particle": "shadow_night:item/mob/overgrown_spider/head"
    },
    "elements": [
        {
            "from": [
                8.939250000000001,
                -1.0,
                9
            ],
            "to": [
                6.939250000000001,
                9.0,
                7
            ],
            "rotation": {
                "angle": 0,
                "axis": "y",
                "origin": [
                    9.939250000000001,
                    12.73044,
                    8
                ]
            },
            "faces": {
                "north": {
                    "uv": [
                        0.5625,
                        1.75,
                        0.6875,
                        2.375
                    ],
                    "texture": "#1"
                },
                "east": {
                    "uv": [
                        2.625,
                        0.3125,
                        2.75,
                        0.9375
                    ],
                    "texture": "#1"
                },
                "south": {
                    "uv": [
                        2.625,
                        0.9375,
                        2.75,
                        1.5625
                    ],
                    "texture": "#1"
                },
                "west": {
                    "uv": [
                        0.5625,
                        2.6875,
                        0.6875,
                        3.3125
                    ],
                    "texture": "#1"
                },
                "down": {
                    "uv": [
                        1.0625,
                        0.875,
                        0.9375,
                        1
                    ],
                    "texture": "#1"
                }
            }
        },
        {
            "from": [
                8.940249999999999,
                -1.999999999990898e-05,
                8.998999999999999
            ],
            "to": [
                6.940249999999999,
                0.9999799999999999,
                7.0009999999999994
            ],
            "rotation": {
                "angle": 45,
                "axis": "z",
                "origin": [
                    7.940249999999999,
                    0.9999799999999999,
                    8
                ],
                "rescale": true
            },
            "faces": {
                "north": {
                    "uv": [
                        0.9375,
                        0.75,
                        1.0625,
                        0.8125
                    ],
                    "texture": "#1"
                },
                "east": {
                    "uv": [
                        0.75,
                        1,
                        0.875,
                        1.0625
                    ],
                    "texture": "#1"
                },
                "south": {
                    "uv": [
                        1,
                        1.3125,
                        1.125,
                        1.375
                    ],
                    "texture": "#1"
                }
            }
        }
    ]
}