{
    "credit": "Generated by UwU_Snek's silly little Python script",
    "gui_light": "side",
    "textures": {
        "0": "shadow_night:item/mob/debug_mob/base",
        "1": "shadow_night:item/mob/debug_mob/red",
        "2": "shadow_night:item/mob/debug_mob/circle"
    },
    "elements": [
        {
            "from": [
                16,
                0,
                16
            ],
            "to": [
                0,
                16,
                0
            ],
            "faces": {
                "north": {
                    "uv": [
                        4,
                        0,
                        0,
                        4
                    ],
                    "texture": "#0"
                },
                "east": {
                    "uv": [
                        8,
                        4,
                        4,
                        8
                    ],
                    "texture": "#0"
                },
                "south": {
                    "uv": [
                        4,
                        4,
                        0,
                        8
                    ],
                    "texture": "#0"
                },
                "west": {
                    "uv": [
                        16,
                        0,
                        12,
                        4
                    ],
                    "texture": "#0"
                },
                "up": {
                    "uv": [
                        12,
                        0,
                        8,
                        4
                    ],
                    "texture": "#0"
                },
                "down": {
                    "uv": [
                        8,
                        0,
                        4,
                        4
                    ],
                    "texture": "#0"
                }
            }
        },
        {
            "from": [
                11,
                5,
                19
            ],
            "to": [
                5,
                11,
                16
            ],
            "faces": {
                "north": {
                    "uv": [
                        9.5,
                        4,
                        11,
                        5.5
                    ],
                    "texture": "#0"
                },
                "east": {
                    "uv": [
                        11,
                        4,
                        11.75,
                        5.5
                    ],
                    "texture": "#0"
                },
                "west": {
                    "uv": [
                        11,
                        4,
                        11.75,
                        5.5
                    ],
                    "rotation": 180,
                    "texture": "#0"
                },
                "up": {
                    "uv": [
                        8,
                        4,
                        9.5,
                        4.75
                    ],
                    "texture": "#0"
                },
                "down": {
                    "uv": [
                        8,
                        4,
                        9.5,
                        4.75
                    ],
                    "rotation": 180,
                    "texture": "#0"
                }
            }
        },
        {
            "from": [
                8.05,
                7.95,
                32
            ],
            "to": [
                7.949999999999999,
                8.05,
                8
            ],
            "faces": {
                "north": {
                    "uv": [
                        0,
                        0,
                        16,
                        16
                    ],
                    "texture": "#1"
                },
                "east": {
                    "uv": [
                        0,
                        0,
                        16,
                        16
                    ],
                    "texture": "#1"
                },
                "south": {
                    "uv": [
                        0,
                        0,
                        16,
                        16
                    ],
                    "texture": "#1"
                },
                "west": {
                    "uv": [
                        0,
                        0,
                        16,
                        16
                    ],
                    "texture": "#1"
                },
                "up": {
                    "uv": [
                        0,
                        0,
                        16,
                        16
                    ],
                    "texture": "#1"
                },
                "down": {
                    "uv": [
                        0,
                        0,
                        16,
                        16
                    ],
                    "texture": "#1"
                }
            }
        },
        {
            "from": [
                23,
                -7,
                8
            ],
            "to": [
                -7,
                23,
                8
            ],
            "faces": {
                "north": {
                    "uv": [
                        0,
                        0,
                        16,
                        16
                    ],
                    "texture": "#2"
                },
                "east": {
                    "uv": [
                        0,
                        0,
                        0,
                        16
                    ],
                    "texture": "#missing"
                },
                "south": {
                    "uv": [
                        0,
                        0,
                        16,
                        16
                    ],
                    "texture": "#2"
                },
                "west": {
                    "uv": [
                        0,
                        0,
                        0,
                        16
                    ],
                    "texture": "#missing"
                },
                "up": {
                    "uv": [
                        0,
                        0,
                        16,
                        0
                    ],
                    "texture": "#missing"
                },
                "down": {
                    "uv": [
                        0,
                        0,
                        16,
                        0
                    ],
                    "texture": "#missing"
                }
            }
        },
        {
            "from": [
                23,
                8,
                23
            ],
            "to": [
                -7,
                8,
                -7
            ],
            "rotation": {
                "angle": 0,
                "axis": "x",
                "origin": [
                    8,
                    8,
                    8
                ]
            },
            "faces": {
                "north": {
                    "uv": [
                        0,
                        0,
                        16,
                        0
                    ],
                    "rotation": 180,
                    "texture": "#missing"
                },
                "east": {
                    "uv": [
                        0,
                        0,
                        0,
                        16
                    ],
                    "rotation": 270,
                    "texture": "#missing"
                },
                "south": {
                    "uv": [
                        0,
                        0,
                        16,
                        0
                    ],
                    "texture": "#missing"
                },
                "west": {
                    "uv": [
                        0,
                        0,
                        0,
                        16
                    ],
                    "rotation": 90,
                    "texture": "#missing"
                },
                "up": {
                    "uv": [
                        0,
                        0,
                        16,
                        16
                    ],
                    "rotation": 180,
                    "texture": "#2"
                },
                "down": {
                    "uv": [
                        0,
                        0,
                        16,
                        16
                    ],
                    "texture": "#2"
                }
            }
        },
        {
            "from": [
                8,
                -7,
                23
            ],
            "to": [
                8,
                23,
                -7
            ],
            "rotation": {
                "angle": 0,
                "axis": "z",
                "origin": [
                    8,
                    8,
                    8
                ]
            },
            "faces": {
                "north": {
                    "uv": [
                        0,
                        0,
                        16,
                        0
                    ],
                    "rotation": 270,
                    "texture": "#missing"
                },
                "east": {
                    "uv": [
                        0,
                        0,
                        16,
                        16
                    ],
                    "rotation": 270,
                    "texture": "#2"
                },
                "south": {
                    "uv": [
                        0,
                        0,
                        16,
                        0
                    ],
                    "rotation": 270,
                    "texture": "#missing"
                },
                "west": {
                    "uv": [
                        0,
                        0,
                        16,
                        16
                    ],
                    "rotation": 90,
                    "texture": "#2"
                },
                "up": {
                    "uv": [
                        0,
                        0,
                        0,
                        16
                    ],
                    "rotation": 180,
                    "texture": "#missing"
                },
                "down": {
                    "uv": [
                        0,
                        0,
                        0,
                        16
                    ],
                    "texture": "#missing"
                }
            }
        }
    ]
}